순번,시도,시장-상점가명,소방시설보유,보유여부 - 스프링클러,보유여부 - 소화전,보유여부 - 공용소화기,보유여부 - 경보기,보유여부 - 화재_가스감지센서,보유여부 - 화재알림시설(자동 화재속보 설비),보유율 - 개별점포 보유 소화기,보유여부 - CCTV,보유여부 - 공동화장실,보유여부 - 아케이드,보유여부 - 엘리베이터_에스컬레이터 (건물형만)
1,서울,강남시장,1,1,1,1,1,1,1,100,2,1,2,1
2,서울,신사상가,1,1,1,1,1,1,1,100,1,1,2,2
3,서울,영동전통시장,1,1,1,1,1,1,2,94,1,1,1,2
4,서울,청담삼익시장,1,1,1,1,1,1,2,100,1,1,2,1
5,서울,고분다리전통시장,1,2,1,1,1,1,2,100,2,1,1,2
6,서울,길동복조리시장,1,1,1,1,1,1,1,70,1,2,1,2
7,서울,둔촌역전통시장,1,2,1,1,1,1,1,100,1,1,2,2
8,서울,명일전통시장,1,1,1,1,1,1,2,100,1,1,1,2
9,서울,성내전통시장,1,2,1,1,1,1,2,100,1,2,1,2
10,서울,암사종합시장,1,1,1,1,1,1,1,80,1,1,1,2
11,서울,강북북부시장,1,1,1,1,1,1,1,100,1,1,1,2
12,서울,강북종합전통시장,1,2,1,1,2,1,2,90,1,1,2,2
13,서울,동북시장,1,1,1,1,1,1,1,100,2,1,2,1
14,서울,방천골목시장,1,2,1,1,1,1,2,90,1,1,2,2
15,서울,번동북부골목시장,1,2,1,1,1,1,2,40,1,1,2,2
16,서울,솔샘시장,1,2,1,1,1,1,2,90,1,1,2,2
17,서울,수유북부시장,1,2,1,1,1,1,1,100,1,1,2,2
18,서울,수유시장,1,1,1,1,1,1,1,60,1,1,2,1
19,서울,수유재래시장,1,1,1,1,1,1,1,100,1,1,1,2
20,서울,수유전통시장(수유골목시장),1,1,1,1,1,1,1,90,1,1,1,2
21,서울,수유중앙골목시장,1,2,1,1,1,1,2,100,2,1,1,2
22,서울,수유중앙시장,1,1,1,1,1,1,1,100,1,1,2,2
23,서울,수유프라자,1,1,1,1,1,1,1,70,1,1,1,1
24,서울,우이골목시장,1,2,1,1,1,1,2,50,2,2,2,2
25,서울,우이시장,1,1,1,1,1,2,1,100,1,1,2,1
26,서울,장미원골목시장,1,1,1,1,1,1,2,70,1,1,1,2
27,서울,삼양골목시장,1,2,1,1,2,2,2,100,1,2,2,2
28,서울,까치산시장,1,1,1,1,1,1,1,80,1,1,1,2
29,서울,남부골목시장,1,1,1,1,1,1,1,100,1,1,1,2
30,서울,남부화곡시장,1,1,1,1,1,1,1,100,1,1,2,2
31,서울,대원종합시장,1,1,1,1,1,1,1,100,2,1,2,2
32,서울,등마루시장,1,2,1,1,1,1,1,100,2,1,2,2
33,서울,방신전통시장,1,1,1,1,1,1,1,70,1,1,1,2
34,서울,신월중앙시장,1,2,1,1,1,1,1,100,1,1,2,2
35,서울,화곡본동시장,1,1,1,1,1,1,2,70,1,1,1,2
36,서울,화곡중앙골목시장,1,1,1,1,1,1,1,100,1,1,1,2
37,서울,강남골목시장,1,1,1,1,1,1,2,100,1,1,2,2
38,서울,관악신사시장,1,1,1,1,1,1,1,100,1,1,1,2
39,서울,관악종합시장,1,1,1,1,1,1,1,100,1,1,2,2
40,서울,미성동도깨비시장,1,1,1,1,1,1,2,100,1,1,2,2
41,서울,봉일시장,1,1,1,1,1,1,1,100,1,1,2,1
42,서울,봉천제일종합시장,1,2,1,1,1,1,2,95,1,1,2,2
43,서울,봉천중앙시장,1,2,1,1,1,1,2,100,1,1,2,2
44,서울,봉천현대시장,1,2,1,1,1,1,1,90,1,1,1,2
45,서울,신림종합시장,1,2,1,1,1,1,2,100,1,1,2,2
46,서울,신림현대종합상가,1,2,1,1,1,1,1,100,1,1,2,1
47,서울,신신림시장,1,1,1,1,1,1,2,100,1,1,2,2
48,서울,신원시장,1,1,1,1,1,1,1,100,1,1,1,2
49,서울,우림시장,1,1,1,1,1,1,1,100,1,1,2,2
50,서울,인헌시장,1,1,1,1,1,1,1,100,1,1,1,2
51,서울,중부시장,1,2,1,1,1,1,2,100,2,1,2,2
52,서울,펭귄시장,1,2,1,1,2,1,1,100,1,2,2,2
53,서울,영림시장,1,2,2,2,2,2,2,50,1,1,2,2
54,서울,광성시장,1,2,1,1,1,1,1,100,1,1,1,1
55,서울,노룬산골목시장(인정시장),1,2,1,1,1,1,2,100,1,1,1,2
56,서울,노룬산시장(건물형),1,2,1,1,1,1,1,100,1,1,1,2
57,서울,면곡시장(골목형)(미인정),1,1,1,1,1,1,1,33,2,1,2,2
58,서울,신성종합시장(건물형),1,2,1,1,1,1,1,100,1,1,2,2
59,서울,영동교골목시장,1,1,1,1,1,1,1,100,1,1,1,2
60,서울,자양전통시장,1,1,1,1,1,1,1,100,1,1,1,2
61,서울,조양시장(건물형),1,2,1,1,1,1,2,95,1,1,2,2
62,서울,중곡제일전통시장(중곡제일시장),1,2,1,1,1,1,1,100,1,1,1,1
63,서울,화양제일골목시장,1,1,1,1,1,1,1,90,1,2,1,2
64,서울,가리봉시장,1,1,1,1,1,1,1,4,1,1,1,2
65,서울,개봉중앙시장,1,1,1,1,1,1,1,100,1,1,2,2
66,서울,개봉프라자,1,1,1,1,1,1,1,100,1,1,2,1
67,서울,고척근린시장,1,1,1,1,1,1,1,100,1,1,1,2
68,서울,구로시장,1,1,1,1,1,1,1,80,1,1,1,2
69,서울,남구로시장,1,1,1,1,1,1,1,20,1,1,1,2
70,서울,남문시장,1,2,1,1,1,1,1,90,1,1,1,2
71,서울,은행나무시장,1,2,1,1,1,1,1,100,1,2,2,2
72,서울,현대시장,1,1,1,1,1,1,1,100,1,1,1,2
73,서울,공릉동도깨비시장,1,1,1,1,1,1,2,100,1,2,1,2
74,서울,상계중앙시장,1,1,1,1,1,1,1,100,1,2,1,1
75,서울,방학동도깨비시장,1,1,1,1,1,1,1,100,1,1,1,1
76,서울,백운시장,1,2,1,1,2,2,2,90,2,2,2,2
77,서울,신도봉시장,1,2,1,1,1,1,1,100,1,1,1,2
78,서울,창동골목시장,1,1,1,1,1,1,2,100,1,1,1,2
79,서울,창동신창시장,1,1,1,1,1,1,2,90,1,1,1,2
80,서울,경동광성상가,1,1,1,1,1,1,1,100,1,1,1,2
81,서울,답십리시장,1,1,1,1,1,1,1,90,1,1,1,2
82,서울,답십리현대시장,1,2,1,1,1,1,1,99,1,1,1,2
83,서울,동부시장,1,1,1,1,1,1,1,100,1,1,2,2
84,서울,동서시장,1,1,1,1,1,1,1,80,2,1,2,2
85,서울,서울약령시장,1,1,1,1,1,1,2,90,1,1,1,1
86,서울,전농로터리시장,1,1,1,1,1,1,1,90,1,1,1,2
87,서울,청량리농수산물시장,1,1,1,1,1,1,1,98,1,1,1,2
88,서울,청량리수산시장,1,2,1,1,2,2,2,85,1,1,2,2
89,서울,청량리전통시장,1,2,1,1,1,1,1,70,1,2,1,2
90,서울,청량리종합시장,1,1,1,1,1,1,1,100,1,1,1,2
91,서울,청량리청과물시장,1,1,1,1,1,1,2,50,1,1,1,2
92,서울,청량종합도매시장(깡통시장),1,2,1,1,1,1,1,100,1,1,2,2
93,서울,회기시장,1,2,1,1,2,1,2,100,1,1,2,2
94,서울,강남시장,1,2,1,1,1,1,1,100,1,1,2,2
95,서울,남성시장,1,2,1,1,1,1,1,100,1,1,2,2
96,서울,남성역골목시장,1,2,1,1,2,2,2,100,1,2,2,2
97,서울,노량진중앙시장,1,2,1,1,1,1,1,10,2,1,1,2
98,서울,만양로 상점가,1,1,1,1,1,1,1,90,2,1,2,2
99,서울,본동인정시장,1,2,1,1,2,2,2,100,2,2,2,2
100,서울,사당시장,1,1,1,1,1,1,1,100,1,1,2,2
101,서울,상도4동 도깨비시장,1,2,1,1,2,2,2,100,1,1,2,2
102,서울,상도전통시장,1,2,1,1,2,2,2,100,2,1,2,2
103,서울,성대시장,1,2,1,1,1,1,1,80,1,1,2,2
104,서울,성대전통시장,1,1,1,1,2,2,2,100,1,1,2,2
105,서울,신대방1동 골목시장,1,1,1,1,1,1,1,70,1,1,1,2
106,서울,영도시장,1,2,1,1,1,1,1,100,2,1,1,2
107,서울,흑석시장,1,1,1,1,1,1,2,50,2,2,1,2
108,서울,공덕시장,1,1,1,1,1,1,1,100,1,1,2,2
109,서울,마포농수산물시장,1,1,1,1,1,1,1,100,1,1,1,1
110,서울,망원동월드컵시장,1,1,1,1,1,1,1,100,1,1,1,2
111,서울,망원시장,1,1,1,1,1,1,1,100,1,1,1,2
112,서울,서교시장,1,1,1,1,1,1,1,100,1,1,2,1
113,서울,아현시장,1,2,1,1,1,1,1,80,1,1,1,2
114,서울,영진시장,1,2,1,1,1,1,1,90,1,1,2,2
115,서울,백련시장,1,1,1,1,1,1,1,100,1,1,2,2
116,서울,연희사러가,1,1,1,1,1,1,1,100,1,1,2,2
117,서울,영천시장,1,1,1,1,1,1,1,100,1,1,1,2
118,서울,유진상가,1,1,1,1,1,1,1,70,1,1,2,2
119,서울,인왕시장,1,1,1,1,1,1,1,90,1,1,1,2
120,서울,남부종합시장,1,1,1,1,1,1,1,90,1,1,1,2
121,서울,양재시장,1,2,1,1,1,1,1,100,2,1,2,2
122,서울,금남시장,1,1,1,1,1,1,1,100,1,1,1,2
123,서울,뚝도시장,1,1,1,1,1,1,1,100,1,1,1,2
124,서울,마장축산물시장,1,1,1,1,1,1,1,100,1,1,1,2
125,서울,용답상가시장,1,2,1,1,1,1,1,90,1,2,2,2
126,서울,길음시장,1,2,1,1,1,1,1,90,1,1,1,2
127,서울,돈암시장,1,1,1,1,1,1,1,100,1,1,1,2
128,서울,밤나무골시장,1,1,1,1,1,1,1,60,1,1,2,2
129,서울,석관시장,1,1,1,1,1,1,2,100,1,1,2,2
130,서울,돌곶이시장(구 석관황금시장),1,2,1,1,1,1,1,100,1,1,1,2
131,서울,장위전통시장,1,2,1,1,1,1,1,100,1,2,1,2
132,서울,정릉시장,1,2,1,1,1,1,1,90,1,1,2,2
133,서울,정릉아리랑시장,1,2,1,1,1,1,2,100,2,2,2,2
134,서울,마천시장,1,1,1,1,1,1,2,100,1,1,1,2
135,서울,마천중앙시장,1,1,1,1,1,1,2,80,1,1,2,2
136,서울,방이시장,1,1,1,1,1,1,2,100,1,1,2,2
137,서울,새마을시장,1,1,1,1,1,1,1,90,1,1,1,2
138,서울,석촌시장,1,1,1,1,1,1,2,100,2,1,2,2
139,서울,풍납시장,1,1,1,1,1,1,1,90,1,1,2,2
140,서울,경창시장,1,1,1,1,1,1,2,100,1,1,1,2
141,서울,목2동시장,1,1,1,1,1,1,2,95,2,1,1,2
142,서울,목동깨비시장 (목3동시장),1,1,1,1,2,2,2,100,1,1,2,2
143,서울,목사랑시장 (목4동시장),1,1,1,1,1,1,1,100,1,1,1,2
144,서울,신월1동신영시장,1,1,1,1,1,1,1,100,1,1,1,2
145,서울,신월3동골목시장,1,1,1,1,1,1,2,100,1,1,2,2
146,서울,신월7동골목시장,1,1,1,1,1,1,2,100,1,1,2,2
147,서울,신정1동골목시장,1,2,1,1,1,1,2,100,2,1,2,2
148,서울,신정2동골목시장,1,1,1,1,1,1,2,100,2,1,1,2
149,서울,우성상가시장,1,1,1,1,1,1,1,100,1,1,2,1
150,서울,월정로시장,1,1,1,1,1,1,2,90,1,1,1,2
151,서울,대림중앙시장,1,1,1,1,1,1,1,90,2,1,2,2
152,서울,대신시장,1,1,1,1,1,1,1,100,1,1,2,2
153,서울,동남상가,1,1,1,1,1,1,1,100,1,1,2,1
154,서울,삼구시장,1,1,1,1,1,1,1,100,1,1,1,2
155,서울,영신상가,1,1,1,1,1,1,1,100,1,1,1,1
156,서울,영일시장,1,2,1,1,1,1,1,100,1,1,2,2
157,서울,영진시장(A동),1,1,1,1,1,1,1,98,2,1,2,2
158,서울,만리시장,1,2,1,1,1,1,1,80,2,1,1,1
159,서울,보광시장,1,1,1,1,1,1,1,50,2,1,2,1
160,서울,신흥시장,1,2,1,1,1,1,1,80,2,1,2,2
161,서울,용산용문전통시장,1,2,1,1,1,1,1,80,1,1,2,2
162,서울,이촌종합시장,1,1,1,1,1,1,2,100,1,1,1,2
163,서울,이태원시장,1,1,1,1,1,1,1,100,1,1,1,1
164,서울,후암시장,1,2,1,1,2,2,2,100,1,1,1,2
165,서울,대림골목시장,1,2,1,1,1,2,2,100,2,1,2,2
166,서울,대림시장,1,2,1,1,1,1,1,80,1,1,1,2
167,서울,대조시장,1,2,1,1,2,2,2,60,2,1,1,2
168,서울,신응암시장,1,1,1,1,1,1,1,100,1,1,1,2
169,서울,연서시장,1,2,1,1,1,1,1,100,1,1,2,2
170,서울,제일시장,1,1,1,1,1,1,1,100,1,1,1,2
171,서울,증산종합시장,1,2,1,1,1,1,1,100,1,1,1,2
172,서울,낙원시장,1,1,1,1,1,1,1,100,1,1,2,1
173,서울,동대문상가A동,1,1,1,1,1,1,1,100,1,1,1,2
174,서울,동대문상가B동,1,1,1,1,1,1,1,100,1,1,2,2
175,서울,동대문상가C동,1,1,1,1,1,1,1,100,1,1,2,2
176,서울,동대문종합시장,1,1,1,1,1,1,1,10,1,1,1,1
177,서울,동대문종합시장D동상가,1,1,1,1,1,1,1,10,1,1,2,1
178,서울,동문시장㈜,1,1,1,1,1,1,1,50,1,1,2,2
179,서울,신설종합시장,1,2,1,1,1,1,1,80,1,1,2,2
180,서울,종로신진시장,1,1,1,1,1,1,1,90,1,1,1,2
181,서울,통인시장,1,1,1,1,1,1,1,95,1,1,1,2
182,서울,한일상가,1,1,1,1,1,1,1,50,1,1,2,1
183,서울,동대문상가D동,1,1,1,1,1,1,2,10,1,1,2,1
184,서울,동대문종합시장 신관(동대문쇼핑타운),1,1,1,1,1,1,1,0,1,1,2,1
185,서울,광희패션몰,1,1,1,1,1,1,1,0,1,1,2,1
186,서울,남대문시장,1,1,1,1,1,1,2,80,1,1,2,1
187,서울,남평화시장,1,1,1,1,1,1,2,40,1,1,2,2
188,서울,대림상가,1,1,1,1,1,1,1,50,1,1,2,1
189,서울,동평화시장,1,1,1,1,1,1,1,100,1,1,2,1
190,서울,동화상가,1,1,1,1,1,1,1,100,1,1,2,1
191,서울,방산종합시장,1,1,1,1,1,1,1,100,1,1,1,1
192,서울,삼익패션타운,1,1,1,1,1,1,1,0,1,1,1,1
193,서울,서울중앙시장,1,2,1,1,1,1,2,100,1,1,1,2
194,서울,신중부시장,1,1,1,1,1,1,1,100,1,1,1,2
195,서울,신중앙시장,1,2,1,1,1,1,1,100,1,1,1,2
196,서울,신평화패션타운,1,1,1,1,1,1,1,50,1,1,2,2
197,서울,약수시장,1,2,1,1,1,1,2,90,2,1,2,2
198,서울,자유상가,1,1,1,1,1,1,1,10,1,1,2,1
199,서울,제일평화시장,1,1,1,1,1,1,1,10,1,1,1,1
200,서울,중부시장,1,1,1,1,1,1,1,80,1,1,1,1
201,서울,테크노상가,1,1,1,1,1,1,1,100,1,1,1,1
202,서울,통일상가,1,1,1,1,1,1,1,90,1,1,2,2
203,서울,평화시장,1,1,1,1,1,1,1,50,1,1,2,1
204,서울,황학시장,1,2,1,1,2,2,2,100,2,2,2,2
205,서울,동성타워프라자,1,1,1,1,1,1,1,100,1,1,2,1
206,서울,동원시장,1,1,1,1,1,1,1,100,1,1,2,2
207,서울,동원전통종합시장,1,1,1,1,1,1,1,100,1,1,1,2
208,서울,면목골목시장,1,1,1,1,1,1,2,100,1,1,1,2
209,서울,면목시장,1,1,1,1,1,1,1,20,1,1,2,1
210,서울,사가정시장,1,2,1,1,1,1,1,100,1,2,2,2
211,서울,신아타운,1,1,1,1,1,1,1,100,1,1,2,1
212,서울,우림골목시장,1,1,1,1,1,1,1,100,1,1,1,2
213,서울,중랑교종합상가,1,1,1,1,1,1,1,100,1,1,2,2
214,서울,중랑동부시장(동부골목시장),1,1,1,1,1,1,1,100,1,1,2,2
215,서울,태능엔터피아,1,1,1,1,1,1,1,100,1,1,2,1
216,부산,덕두시장,1,2,1,1,2,2,2,100,2,1,1,2
217,부산,명지시장,1,1,1,1,1,1,1,60,1,1,1,2
218,부산,구서오시게시장,1,1,1,1,1,1,1,100,1,1,1,2
219,부산,금사제일상가시장,1,2,1,1,1,1,1,80,1,1,2,2
220,부산,부곡상가시장,1,2,1,1,1,1,1,100,1,1,1,2
221,부산,서동시장,1,1,1,1,1,1,1,100,1,1,1,2
222,부산,서동전통골목시장,1,2,1,1,1,1,1,100,1,1,1,2
223,부산,서동향토시장,1,2,1,1,1,1,1,80,1,1,1,2
224,부산,장성시장,1,2,1,1,1,1,1,100,1,1,1,2
225,부산,장전상가시장,1,1,1,1,1,1,1,100,2,1,1,2
226,부산,기장시장,1,1,1,1,1,1,1,100,1,1,2,1
227,부산,송정시장,1,2,1,1,1,1,2,100,2,1,2,2
228,부산,감만시장,1,1,1,1,1,1,2,80,2,2,2,2
229,부산,남광시장,1,1,1,1,1,1,2,20,2,1,2,2
230,부산,대연시장,1,1,1,1,1,1,1,100,2,1,2,2
231,부산,동성하이타운시장,1,1,1,1,1,1,1,100,2,1,2,2
232,부산,못골골목시장,1,1,1,1,1,1,1,100,1,1,2,2
233,부산,새감만종합시장,1,1,1,1,1,1,1,100,1,1,2,2
234,부산,용호1동골목시장,1,1,1,1,1,1,2,100,1,1,2,2
235,부산,용호골목시장,1,1,1,1,1,1,1,100,1,1,1,2
236,부산,용호삼성시장,1,1,1,1,1,1,1,100,1,1,2,2
237,부산,용호시장,1,1,1,1,1,1,2,80,1,1,1,2
238,부산,우암골목시장,1,2,1,1,2,2,2,90,2,1,2,2
239,부산,부산자유시장,1,1,1,1,1,1,1,100,1,1,2,1
240,부산,부산남문시장,1,1,1,1,1,1,1,98,1,1,2,1
241,부산,부산진시장,1,1,1,1,1,1,1,100,1,1,1,1
242,부산,성북시장,1,2,1,1,2,2,2,100,2,1,2,2
243,부산,수정시장,1,2,1,1,1,1,1,100,2,1,2,2
244,부산,수정전통시장,1,2,1,1,1,2,2,100,1,2,2,2
245,부산,초량상가시장,1,2,1,1,1,1,1,90,1,1,2,2
246,부산,초량전통시장,1,1,1,1,1,1,1,69,1,1,1,2
247,부산,범일골목시장,1,2,2,2,2,2,2,100,2,2,2,2
248,부산,금강시장,1,2,1,1,1,1,2,100,2,1,1,2
249,부산,금성상가시장,1,2,2,1,1,1,2,100,1,1,1,2
250,부산,동래시장,1,1,1,1,1,1,1,70,1,1,2,2
251,부산,명장시장,1,1,1,1,1,1,1,100,2,1,1,2
252,부산,사직시장,1,1,1,1,1,1,1,100,1,1,1,2
253,부산,서원시장,1,2,1,1,1,1,1,100,1,1,1,2
254,부산,수안인정시장,1,2,1,1,1,1,2,100,1,1,1,2
255,부산,안락상가시장,1,2,1,1,1,1,1,100,1,1,1,2
256,부산,온천인정시장,1,2,1,1,1,1,2,100,1,1,1,2
257,부산,충렬상가시장,1,1,1,1,1,1,1,70,1,1,1,2
258,부산,금정상가시장,1,2,2,1,1,1,2,100,2,1,2,2
259,부산,신정시장,1,2,1,1,1,1,2,30,2,1,2,2
260,부산,가야벽산상가,1,1,1,1,1,1,1,50,1,1,2,1
261,부산,개금골목시장,1,1,1,1,1,1,2,100,1,2,1,2
262,부산,개금큰시장,1,2,1,1,1,1,2,60,1,1,1,2
263,부산,골드테마거리,1,1,1,1,1,1,2,100,1,1,2,1
264,부산,국제상가,1,2,1,1,1,1,1,100,1,1,2,1
265,부산,당감골목시장,1,2,1,1,1,1,2,90,1,1,2,2
266,부산,당감새시장,1,1,1,1,1,1,1,100,1,1,1,2
267,부산,당감시장,1,1,1,1,1,2,2,100,2,1,2,2
268,부산,동평새시장,1,2,1,1,2,1,2,60,1,2,2,2
269,부산,부산전자종합시장,1,1,1,1,1,1,1,100,1,1,2,1
270,부산,부산평화시장,1,2,1,1,1,1,1,100,1,1,2,2
271,부산,부전기장골목시장,1,1,1,1,1,1,1,100,1,1,1,2
272,부산,부전농수산물새벽시장,1,1,1,1,1,1,1,50,1,1,1,2
273,부산,부전상가,1,1,1,1,1,1,1,100,1,1,1,2
274,부산,부전시장,1,1,1,1,1,1,1,0,1,1,1,2
275,부산,부전인삼시장,1,2,1,1,1,1,1,0,1,1,2,2
276,부산,서면시장,1,1,1,1,1,1,1,100,1,1,1,2
277,부산,서면종합시장,1,1,1,1,1,1,1,40,1,1,1,1
278,부산,서면중앙시장,1,1,1,1,1,1,2,80,1,1,2,1
279,부산,성곡종합시장,1,2,1,1,1,1,1,30,1,1,2,2
280,부산,양정시장,1,1,1,1,1,1,1,0,1,1,2,1
281,부산,연지시장,1,2,1,1,2,1,2,100,2,2,1,2
282,부산,전포놀이터시장,1,2,1,1,1,1,2,100,2,1,2,2
283,부산,초읍시장,1,2,1,1,1,1,2,80,1,1,2,2
284,부산,구포축산물도매시장,1,1,2,1,2,2,1,99,1,1,1,2
285,부산,덕천시장,1,2,1,1,1,1,1,100,1,1,1,2
286,부산,만덕2동제일상가시장,1,2,2,1,1,1,2,100,1,1,2,2
287,부산,만덕시장,1,2,2,1,1,1,2,80,2,1,2,2
288,부산,감전시장,1,1,1,1,1,1,2,100,1,1,2,2
289,부산,구덕대림상가,1,1,1,1,1,1,1,100,2,1,2,2
290,부산,르네시떼시장,1,1,1,1,1,1,1,100,1,1,2,1
291,부산,모라전통시장,1,1,1,1,1,1,2,80,1,1,2,2
292,부산,복이있는덕포시장,1,1,1,1,1,1,1,70,1,1,1,2
293,부산,부산산업용재유통상가,1,1,1,1,1,1,1,95,1,1,2,2
294,부산,부산산업용품상협동조합,1,1,1,1,1,1,1,100,1,1,2,1
295,부산,부산새벽시장,1,1,1,1,1,1,1,100,1,1,1,1
296,부산,사상시장,1,1,1,1,1,1,2,90,1,2,1,2
297,부산,영해종합시장,1,1,1,1,1,1,1,100,1,1,2,1
298,부산,우신종합상가,1,1,1,1,1,1,1,90,1,1,2,1
299,부산,주례럭키종합상가,1,1,1,1,1,1,1,100,1,1,2,2
300,부산,주례현대무지개상가,1,1,1,1,1,1,1,95,1,1,2,1
301,부산,학장반도보라상가,1,1,1,1,1,1,1,100,1,1,2,1
302,부산,부산광역시건축자재판매협동조합,1,2,1,2,1,1,1,100,1,2,2,2
303,부산,가락타운상가시장,1,1,1,1,1,1,1,100,1,1,2,1
304,부산,감천2동시장,1,1,1,1,1,1,1,100,1,1,1,2
305,부산,감천시장,1,1,1,1,1,1,1,100,1,1,1,2
306,부산,괴정골목시장,1,1,1,1,1,1,1,100,1,1,2,2
307,부산,다대씨-파크,1,1,1,1,1,1,1,100,1,1,1,1
308,부산,당리시장,1,2,1,1,1,1,1,100,1,1,1,2
309,부산,사하시장,1,2,1,1,1,1,2,100,1,1,1,2
310,부산,신평골목시장,1,1,1,1,1,1,1,70,1,1,1,2
311,부산,신평종합시장,1,1,1,1,1,1,1,20,2,1,1,2
312,부산,에덴골목시장,1,2,1,1,1,1,1,0,1,2,2,2
313,부산,에덴시장,1,2,1,1,1,1,2,100,1,1,2,2
314,부산,장림골목시장,1,1,1,2,1,1,1,100,1,2,2,2
315,부산,장림시장,1,2,1,1,1,1,1,100,1,1,2,2
316,부산,하단시장,1,2,1,1,2,1,2,30,2,1,2,2
317,부산,하단오일상설시장,1,2,1,1,1,2,2,100,2,1,1,2
318,부산,대신시장,1,1,1,1,1,1,1,90,1,1,2,2
319,부산,동대신1동골목시장,1,2,1,1,2,2,2,100,1,1,1,2
320,부산,서대신1동골목시장,1,2,1,1,2,2,2,100,1,2,1,2
321,부산,서대신동골목시장,1,2,1,1,1,1,1,90,1,1,1,2
322,부산,송남시장,1,1,1,1,1,1,1,100,1,1,2,2
323,부산,아미시장,1,2,1,1,2,2,2,70,1,2,1,2
324,부산,충무동골목시장,1,1,1,1,1,1,2,100,1,1,2,2
325,부산,충무동새벽시장,1,1,1,1,1,1,1,80,1,1,1,2
326,부산,충무동해안시장,1,2,1,1,1,1,1,70,1,1,2,2
327,부산,광안시장,1,1,1,1,1,1,2,80,1,1,2,2
328,부산,광안어패류시장,1,1,1,1,1,1,2,100,1,1,2,1
329,부산,광안종합시장,1,2,1,1,2,2,2,30,1,1,2,2
330,부산,남천해변시장,1,1,1,1,1,1,1,100,1,1,2,2
331,부산,망미삼성상가시장,1,1,1,1,1,1,2,20,1,1,2,2
332,부산,망미새상가시장,1,1,1,1,1,1,2,100,2,1,2,2
333,부산,망미종합시장,1,2,1,1,1,2,2,10,1,1,1,2
334,부산,망미중앙시장,1,1,1,1,1,1,1,20,1,1,1,2
335,부산,민락골목시장,1,1,1,1,1,1,1,100,1,1,1,2
336,부산,민락씨랜드시장,1,1,1,1,1,1,1,100,1,1,2,1
337,부산,민락어패류시장,1,1,1,1,1,1,2,100,1,1,2,2
338,부산,민락회타운시장,1,1,1,1,1,1,1,100,1,1,2,1
339,부산,삼익비치A상가시장,1,1,1,1,1,1,2,100,1,1,1,2
340,부산,삼익비치B상가시장,1,1,1,1,1,1,2,100,1,1,2,2
341,부산,세흥시장,1,2,1,1,2,2,2,50,1,1,2,2
342,부산,수영팔도시장,1,1,1,1,1,1,1,100,1,1,1,2
343,부산,현대종합상가시장,1,1,1,1,1,1,2,100,2,1,2,2
344,부산,거성시장,1,2,1,1,1,1,1,100,1,1,1,2
345,부산,거제시장,1,2,1,1,1,1,1,100,1,1,2,2
346,부산,연동시장,1,2,1,1,1,1,1,100,2,1,1,2
347,부산,연미새시장,1,1,1,1,1,1,1,80,1,1,2,2
348,부산,연일시장,1,1,1,1,1,1,1,100,1,1,1,2
349,부산,연천시장,1,1,1,1,1,1,1,0,2,1,1,2
350,부산,영남종합시장,1,1,1,1,1,1,1,100,1,1,2,2
351,부산,남항시장,1,1,1,1,1,1,1,100,1,1,1,2
352,부산,영도봉래시장,1,1,1,1,1,1,1,80,1,1,1,2
353,부산,청학시장,1,1,1,1,1,1,1,100,1,1,1,2
354,부산,남포동건어물도매시장,1,2,1,1,1,1,2,100,1,1,1,2
355,부산,국제시장,1,1,1,1,1,1,1,100,1,1,1,2
356,부산,만물의거리시장,1,2,1,1,1,1,2,100,1,1,2,2
357,부산,보수동책방골목,1,1,1,1,1,1,2,100,1,1,2,2
358,부산,보수종합시장,1,1,1,1,1,1,1,30,1,1,2,1
359,부산,부산데파트,1,2,1,1,1,1,2,0,1,1,2,1
360,부산,부산자갈밭시장,1,1,1,1,1,1,2,100,1,1,2,2
361,부산,부평깡통시장,1,1,1,1,1,1,1,76,1,1,1,2
362,부산,새영주시장,1,2,1,1,1,1,1,100,1,1,1,2
363,부산,신동아수산물종합시장,1,1,1,1,1,1,1,100,1,1,2,1
364,부산,신창상가,1,1,1,1,1,1,2,90,1,1,2,2
365,부산,신천지시장,1,1,1,1,1,1,2,90,1,1,2,1
366,부산,아리랑거리,1,2,1,1,1,1,2,90,1,2,2,2
367,부산,영주시장,1,1,1,1,1,1,1,100,1,1,2,2
368,부산,월드밸리,1,1,1,1,1,1,1,80,1,1,2,1
369,부산,자갈치시장,1,1,1,1,1,1,2,100,1,1,2,1
370,부산,창선상가,1,1,1,1,1,1,1,80,1,1,1,2
371,부산,반송큰시장(반송2동시장),1,1,1,1,1,1,1,20,1,1,1,2
372,부산,반송골목시장,1,2,1,1,1,1,1,80,1,1,1,2
373,부산,반여2동상가시장,1,2,2,1,2,1,2,30,1,1,1,2
374,부산,반여3동골목시장,1,1,1,1,1,1,2,100,1,1,1,2
375,부산,반여시장,1,2,1,1,1,1,1,70,1,1,1,2
376,부산,우동종합상가시장,1,2,1,1,1,1,1,100,1,1,2,2
377,부산,우일시장,1,1,1,1,1,1,2,90,2,1,2,2
378,부산,재송시장,1,1,1,1,1,1,2,30,1,1,2,2
379,부산,재송한마음시장,1,2,1,1,2,2,2,100,2,1,2,2
380,부산,좌동재래시장,1,2,1,1,1,1,1,100,1,1,1,2
381,부산,해운대시장,1,1,1,1,1,1,2,95,1,1,1,2
382,대구,관문상가시장,1,1,1,1,1,1,2,100,1,1,1,2
383,대구,관문시장,1,1,1,1,1,1,2,90,2,1,1,2
384,대구,광덕시장,1,2,1,1,1,1,2,100,2,1,1,2
385,대구,남부시장,1,2,1,1,1,2,2,20,2,1,1,2
386,대구,대명신시장,1,2,1,1,1,1,1,95,1,1,1,2
387,대구,대명중앙시장,1,2,1,1,1,1,2,100,1,1,1,2
388,대구,명덕시장,1,2,1,1,1,1,1,99,1,1,1,2
389,대구,봉덕시장,1,1,1,1,1,1,2,50,1,1,1,2
390,대구,봉덕신시장,1,2,1,1,1,1,1,100,1,1,1,2
391,대구,성당시장,1,1,1,1,1,1,1,70,1,1,1,2
392,대구,안지랑시장,1,2,1,1,1,1,2,80,1,1,1,2
393,대구,영선신시장,1,2,1,1,1,2,2,90,2,1,2,2
394,대구,달서송림시장,1,1,1,1,1,1,1,40,1,1,2,2
395,대구,달서시장,1,1,1,1,1,1,1,100,1,1,1,2
396,대구,대곡시장,1,1,1,1,2,2,2,100,2,1,1,1
397,대구,대구대동시장,1,1,1,1,1,1,1,100,1,1,1,2
398,대구,대구예전우시장,1,2,1,1,1,2,1,90,1,1,2,2
399,대구,도원시장,1,2,2,1,1,1,2,100,1,1,2,2
400,대구,두류종합시장,1,1,1,1,1,1,2,90,1,1,2,2
401,대구,보성은하상가,1,1,1,1,1,1,1,100,1,1,2,1
402,대구,상원시장,1,1,1,1,2,2,2,100,2,1,1,2
403,대구,상인영남상가,1,1,1,1,1,1,2,100,1,1,2,1
404,대구,서남시장,1,1,1,1,1,1,1,100,1,1,1,2
405,대구,서남신시장,1,1,1,1,1,1,1,100,1,1,1,2
406,대구,서대구시장,1,1,1,1,2,2,2,80,1,1,2,2
407,대구,성서보성화성상가,1,1,1,1,1,1,1,100,1,1,2,1
408,대구,송경종합시장,1,2,1,1,1,2,2,80,2,1,2,2
409,대구,송현주공시장,1,1,1,1,1,1,2,100,1,1,1,2
410,대구,신내당시장,1,1,1,1,1,1,2,100,1,1,2,2
411,대구,와룡시장,1,1,1,1,1,1,2,100,1,1,1,2
412,대구,성서용산시장,1,1,1,1,1,1,2,70,1,2,1,2
413,대구,용산종합큰시장,1,1,1,1,2,1,2,100,1,1,1,2
414,대구,월배시장,1,1,1,1,1,1,1,100,1,1,1,2
415,대구,월배신시장,1,1,1,1,1,1,2,100,1,1,2,2
416,대구,월성청구시장,1,1,1,1,1,1,1,100,1,1,2,1
417,대구,두류신시장,1,1,1,1,1,1,1,80,1,2,2,1
418,대구,논공중앙시장,1,2,1,1,1,1,2,50,1,1,1,2
419,대구,현풍백년도깨비시장,1,1,1,1,1,1,1,100,1,1,1,1
420,대구,화원시장,1,1,1,1,1,1,1,100,1,1,1,2
421,대구,공항시장,1,1,1,1,1,1,1,100,1,1,1,2
422,대구,동구시장,1,1,1,1,1,1,1,100,1,1,1,2
423,대구,동대구역전시장,1,2,1,1,1,1,1,50,1,1,1,2
424,대구,동서시장,1,1,1,1,1,1,1,100,1,1,1,2
425,대구,목련시장,1,2,1,1,2,2,2,100,1,1,2,2
426,대구,반야월종합시장,1,1,1,1,1,1,1,100,1,1,2,1
427,대구,방촌시장,1,1,1,1,1,1,1,100,1,1,1,2
428,대구,불로전통시장,1,1,1,1,1,1,1,100,1,1,1,1
429,대구,송라시장,1,2,1,1,1,1,1,50,1,1,1,2
430,대구,평화시장,1,2,1,1,1,1,2,100,2,1,2,2
431,대구,대구능금시장,1,1,1,1,1,1,2,100,1,1,1,2
432,대구,대구청과시장,1,1,1,1,1,1,2,100,1,1,1,2
433,대구,동대구시장,1,1,1,1,1,1,1,80,1,1,1,2
434,대구,동대구신시장,1,2,1,1,1,1,2,60,1,2,2,2
435,대구,산격종합시장,1,2,1,1,1,1,1,50,1,1,2,2
436,대구,삼성시장,1,2,1,1,1,1,1,100,1,1,1,2
437,대구,서변중앙시장,1,2,2,1,2,2,2,100,1,1,2,2
438,대구,중앙시장,1,1,1,1,1,1,1,100,1,1,1,2
439,대구,칠곡시장,1,1,1,1,1,1,1,90,1,1,1,1
440,대구,칠성시장,1,1,1,1,1,1,1,80,1,1,1,2
441,대구,칠성진시장,1,1,1,1,1,1,1,100,1,1,2,2
442,대구,팔달신시장,1,1,1,1,1,1,1,90,1,1,1,2
443,대구,산업용재관,1,1,1,1,1,1,1,100,1,1,2,1
444,대구,섬유제품관,1,1,1,1,1,1,1,100,1,1,2,1
445,대구,전기재료관,1,1,1,1,1,1,1,100,1,1,2,1
446,대구,전기조명관,1,1,1,1,1,1,1,100,1,1,2,1
447,대구,전자관,1,1,1,1,1,1,1,100,1,1,1,1
448,대구,전자상가,1,1,1,1,1,1,1,50,1,1,1,1
449,대구,칠성본시장,1,2,1,1,1,1,2,100,1,2,2,2
450,대구,칠성전자주방시장,1,2,1,1,2,2,2,90,1,1,2,2
451,대구,구평리시장,1,1,1,1,2,2,2,100,1,1,2,2
452,대구,대평리시장,1,2,1,1,1,2,2,80,2,1,2,2
453,대구,새길시장,1,2,1,1,1,1,1,100,2,1,2,2
454,대구,서구시장,1,2,1,1,1,1,1,90,1,1,1,2
455,대구,서부시장,1,1,1,1,1,1,1,99,1,1,1,2
456,대구,신평리시장,1,1,1,1,1,1,1,80,1,1,1,2
457,대구,원고개시장,1,1,1,1,1,1,1,100,1,1,1,2
458,대구,원대신시장,1,2,1,1,1,1,2,100,1,1,1,2
459,대구,이현시장,1,2,1,1,1,1,2,100,1,1,2,2
460,대구,중평시장,1,1,1,1,1,1,2,30,1,1,2,2
461,대구,동성시장,1,2,1,1,2,2,2,100,1,1,2,2
462,대구,수성시장,1,1,1,1,2,2,2,100,1,1,2,2
463,대구,신매시장,1,2,1,1,2,1,2,100,2,1,2,2
464,대구,지산목련시장(지산종합시장),1,1,1,1,1,1,1,70,1,1,1,2
465,대구,청구시장,1,1,1,1,1,1,1,100,2,1,2,2
466,대구,태백시장,1,1,1,1,2,2,2,100,1,1,1,2
467,대구,황금시장,1,1,1,1,1,1,1,50,1,1,2,2
468,대구,교동시장,1,2,1,1,1,1,1,10,1,1,1,2
469,대구,남문시장,1,2,1,1,1,1,2,100,2,1,2,2
470,대구,동산상가,1,1,1,1,1,1,1,100,1,1,1,2
471,대구,명품프라자상가,1,1,1,1,1,1,1,100,1,1,1,1
472,대구,방천시장,1,1,1,1,2,2,2,100,1,1,1,2
473,대구,번개시장,1,1,1,1,1,1,2,98,1,1,2,1
474,대구,서문시장2지구종합상가,1,1,1,1,1,1,1,100,1,1,1,1
475,대구,서문시장5지구,1,1,1,1,1,1,1,90,1,1,1,2
476,대구,서문시장건해산물상가,1,2,1,1,1,1,1,100,1,1,1,2
477,대구,서문시장제1지구직물시장,1,1,1,1,1,1,1,30,1,1,1,2
478,대구,서문시장제1지구포목시장,1,1,1,1,1,1,1,30,1,1,1,2
479,대구,약령시장,1,1,1,1,1,1,2,100,1,1,1,2
480,대구,염매시장,1,2,1,1,1,2,2,100,1,1,1,2
481,대구,서문시장4지구종합대체상가(베네시움),1,1,1,1,1,1,1,0,1,1,1,1
482,인천,강화중앙시장(a동b동),1,1,1,1,1,1,1,10,1,1,2,2
483,인천,강화터미널상가,1,1,1,1,1,1,1,70,1,1,2,1
484,인천,강화풍물시장,1,1,1,1,1,1,1,100,1,1,2,1
485,인천,계산시장,1,1,1,1,1,1,1,100,1,1,1,2
486,인천,계양산전통시장,1,1,1,1,1,1,1,98,1,1,1,2
487,인천,작전시장,1,2,1,1,1,1,1,99,2,1,1,2
488,인천,석바위시장,1,1,1,1,1,1,1,100,1,1,1,2
489,인천,신기시장,1,2,1,1,1,1,1,100,1,1,1,1
490,인천,용현시장,1,1,1,1,1,1,1,80,1,1,1,2
491,인천,인천남부종합시장,1,1,1,1,1,1,1,70,1,1,1,2
492,인천,인천용남시장,1,1,1,1,1,1,1,70,1,1,1,2
493,인천,제일시장,1,2,1,1,2,2,2,100,1,1,1,2
494,인천,토지금고시장,1,1,1,1,1,1,1,100,1,1,1,2
495,인천,학익시장,1,1,1,1,1,1,2,80,1,1,1,2
496,인천,간석자유시장,1,1,1,1,1,1,1,100,1,1,1,2
497,인천,구월도매전통시장,1,2,1,1,2,2,2,98,1,2,2,2
498,인천,구월시장,1,1,1,1,1,1,1,100,1,1,1,2
499,인천,만수시장,1,2,1,1,1,1,2,1,1,1,2,2
500,인천,인천모래내전통시장,1,1,1,1,1,1,1,100,1,1,1,1
501,인천,장승백이전통시장,1,1,1,1,1,1,1,70,1,1,1,2
502,인천,동부시장,1,1,1,1,1,1,1,100,1,1,1,2
503,인천,송림공구상가,1,1,1,1,1,1,2,99,1,1,2,1
504,인천,송현시장,1,1,1,1,1,1,1,89,1,1,1,2
505,인천,인천산업유통사업협동조합,1,1,1,1,1,1,1,100,1,1,1,1
506,인천,중앙시장,1,1,1,1,1,1,2,100,1,2,2,2
507,인천,현대시장,1,1,1,1,1,1,1,30,1,1,1,2
508,인천,부개종합시장,1,2,1,1,1,1,1,100,2,1,2,2
509,인천,부일종합시장,1,1,1,1,1,1,2,30,2,1,2,2
510,인천,부평깡시장,1,2,1,1,1,1,2,70,1,1,1,2
511,인천,부평문화의거리,1,1,1,1,2,1,2,100,1,1,1,2
512,인천,부평종합시장,1,1,1,1,1,1,2,100,1,1,1,2
513,인천,십정종합시장,1,1,1,1,1,1,2,90,1,1,1,2
514,인천,진흥종합시장,1,1,1,1,1,1,1,100,1,1,1,2
515,인천,가좌시장,1,1,1,1,1,1,1,100,1,1,1,2
516,인천,신거북시장,1,1,1,1,1,1,2,100,1,1,2,2
517,인천,인천강남시장,1,1,1,1,1,1,1,100,1,1,1,2
518,인천,인천축산물시장,1,1,1,1,1,1,2,80,1,1,2,2
519,인천,정서진중앙시장,1,1,1,1,1,1,1,100,1,1,1,2
520,인천,연수구옥련시장,1,1,1,1,1,1,1,100,1,2,1,2
521,인천,연수송도역전시장,1,1,1,1,1,1,1,95,2,1,1,2
522,인천,신포시장,1,1,1,1,1,1,1,90,1,1,1,2
523,인천,신흥시장,1,2,1,1,1,1,1,100,1,1,1,2
524,인천,인천종합어시장,1,1,1,1,1,1,1,90,1,1,1,2
525,광주,1913송정역시장(송정역전매일시장),1,2,1,1,1,1,2,100,1,1,2,2
526,광주,뉴밀레니엄시장,1,2,1,1,1,1,2,100,1,1,2,2
527,광주,비아5일시장,1,1,1,1,1,1,2,90,1,1,1,2
528,광주,송정5일시장,1,2,1,1,1,1,2,100,1,1,1,2
529,광주,송정매일시장,1,1,1,1,1,1,1,100,1,1,1,2
530,광주,우산매일시장,1,2,1,1,1,1,2,100,2,1,2,2
531,광주,월곡시장,1,1,1,1,1,1,1,100,1,1,2,2
532,광주,무등시장,1,1,1,1,1,1,1,100,1,1,1,2
533,광주,남광주시장,1,1,1,1,1,1,1,100,1,1,1,2
534,광주,남광주해뜨는시장,1,1,1,1,1,1,1,50,1,1,1,1
535,광주,대인시장,1,1,1,1,1,1,1,100,1,1,1,2
536,광주,동부시장,1,1,1,1,1,1,1,100,1,1,2,2
537,광주,두암시장,1,1,1,1,1,1,1,100,1,1,1,2
538,광주,말바우시장,1,1,1,1,1,1,1,100,1,1,1,2
539,광주,운암시장,1,1,1,1,1,1,1,100,1,1,2,2
540,광주,광주양동시장,1,1,1,1,1,1,1,100,1,1,1,2
541,광주,양동건어물시장,1,1,1,1,1,1,1,100,1,1,1,2
542,광주,양동경열로시장,1,1,1,1,1,1,2,100,1,1,1,2
543,광주,양동닭전길시장,1,1,1,1,1,1,1,100,1,1,2,2
544,광주,양동복개상가,1,1,1,1,1,1,1,100,1,1,1,2
545,광주,양동산업용품시장,1,2,1,1,1,1,2,100,2,1,2,2
546,광주,양동수산전통시장,1,1,1,1,1,1,1,100,1,1,1,1
547,광주,화정동서부시장,1,2,1,2,2,2,2,100,1,2,2,2
548,대전,법동시장,1,1,1,1,1,1,1,80,1,1,1,2
549,대전,송촌시장,1,1,1,1,1,1,1,100,1,1,1,2
550,대전,신탄진시장,1,2,1,1,1,1,1,80,1,1,2,2
551,대전,중리시장,1,1,1,1,1,1,1,100,1,1,1,2
552,대전,가양시장,1,2,1,1,1,1,1,100,1,1,2,2
553,대전,대전도매시장,1,1,1,1,1,1,1,100,1,1,1,2
554,대전,대전상가시장,1,2,1,1,1,1,1,100,1,1,1,2
555,대전,신도시장,1,2,1,1,1,1,1,60,1,1,1,2
556,대전,신중앙시장,1,2,1,1,1,1,1,100,1,1,1,2
557,대전,용운시장,1,1,1,1,1,1,1,100,1,1,1,2
558,대전,원동국제시장,1,2,1,1,1,1,1,75,1,1,2,2
559,대전,인동시장,1,1,1,1,1,1,1,80,1,1,2,2
560,대전,자유도매시장,1,1,1,1,1,1,1,100,1,1,1,2
561,대전,전통중앙도매상가,1,1,1,1,1,1,1,100,1,1,1,2
562,대전,중앙도매시장,1,1,1,1,1,1,1,98,1,1,1,2
563,대전,중앙메가프라자,1,2,1,1,1,1,1,40,1,1,1,2
564,대전,중앙상가시장,1,1,1,1,1,1,1,90,1,1,1,2
565,대전,중앙종합시장,1,1,1,1,1,1,1,99,1,1,1,2
566,대전,도마큰시장,1,1,1,1,1,1,1,100,1,1,1,1
567,대전,한민시장,1,2,1,1,1,1,1,100,1,1,1,2
568,대전,송강시장,1,2,1,1,1,1,1,100,1,1,1,2
569,대전,유성시장,1,1,1,1,1,1,1,100,1,1,2,2
570,대전,문창전통시장,1,1,1,1,1,1,1,60,1,1,1,2
571,대전,부사전통시장,1,1,1,1,1,1,1,100,1,1,1,2
572,대전,산성전통시장,1,1,1,1,1,1,1,100,1,1,1,2
573,대전,오류전통시장,1,1,1,1,1,1,1,50,1,1,1,2
574,대전,태평전통시장,1,1,1,1,1,1,1,90,1,1,1,2
575,울산,(주)신정시장,1,2,1,1,1,1,1,20,1,1,1,2
576,울산,(주)야음시장,1,1,1,1,1,1,1,50,1,1,1,2
577,울산,수암상가시장,1,1,1,1,1,1,1,60,1,1,1,2
578,울산,수암종합시장,1,2,1,1,1,2,2,100,2,1,1,2
579,울산,신정상가시장,1,2,1,1,1,1,1,70,1,1,1,2
580,울산,신정평화시장,1,1,1,1,1,1,1,100,1,1,2,2
581,울산,야음상가시장,1,1,1,1,1,1,1,100,1,1,1,2
582,울산,울산번개시장,1,1,1,1,1,1,1,60,1,1,1,2
583,울산,울산산업공구월드,1,1,1,1,1,1,1,100,1,1,2,1
584,울산,남목전통시장,1,1,1,1,1,1,1,50,1,1,1,2
585,울산,대송농수산물시장,1,1,1,1,1,1,1,100,1,1,1,1
586,울산,동울산종합시장,1,2,1,1,1,1,2,90,1,1,1,2
587,울산,월봉시장,1,1,1,1,1,1,1,100,1,1,1,2
588,울산,신전시장(염포시장),1,1,1,1,1,1,1,0,2,1,2,2
589,울산,코끼리시장,1,1,1,1,1,1,1,100,1,1,2,2
590,울산,호계공설시장,1,1,1,1,1,1,1,100,1,1,1,2
591,울산,화봉시장(화봉종합시장),1,2,1,1,1,2,2,80,2,1,1,2
592,울산,곡천공설시장,2,2,2,2,2,2,2,0,2,1,1,2
593,울산,남창옹기종기시장,1,2,1,1,1,1,1,50,1,1,1,2
594,울산,덕신1차시장,1,1,1,1,1,1,2,60,1,1,1,2
595,울산,덕신2차시장,1,1,1,1,1,1,1,100,1,1,1,2
596,울산,덕하시장(덕하공설시장),1,2,1,1,2,1,2,80,1,1,2,2
597,울산,봉계공설시장,1,1,1,1,1,1,2,100,1,1,2,2
598,울산,언양공설시장,1,2,1,1,1,1,2,100,1,1,1,2
599,울산,언양종합상가시장,1,1,1,1,1,1,1,70,2,1,2,2
600,울산,구역전시장,1,2,1,1,1,1,1,50,1,1,1,2
601,울산,구역전전통시장,1,1,1,1,1,1,1,5,1,1,1,2
602,울산,반구시장,1,1,1,1,1,1,2,80,2,1,2,2
603,울산,병영시장,1,1,1,1,1,1,1,100,1,1,1,2
604,울산,서동시장,1,1,1,1,1,1,1,100,1,1,1,2
605,울산,선우시장,1,1,1,1,1,1,1,100,1,1,1,2
606,울산,성남프라자,1,1,1,1,1,1,1,5,1,1,2,1
607,울산,신울산종합시장,1,1,1,1,1,1,1,100,2,1,2,2
608,울산,옥골시장,1,2,1,1,2,1,2,95,1,1,1,2
609,울산,울산시장,1,1,1,1,1,1,1,5,1,1,1,1
610,울산,중앙전통시장,1,1,1,1,1,1,1,100,1,1,1,2
611,울산,태화종합시장,1,1,1,1,1,1,1,95,1,1,2,2
612,울산,학성새벽시장,1,2,1,1,1,1,1,100,1,1,1,2
613,울산,우정전통시장,1,2,1,1,1,2,2,75,1,1,2,2
614,경기,가평잣고을전통시장,1,1,1,1,1,1,1,100,1,1,1,2
615,경기,가평정기5일시장,1,2,1,1,2,2,2,0,2,1,2,2
616,경기,미원정기5일시장,1,2,1,1,1,2,2,0,2,1,2,2
617,경기,청평5일시장,1,2,1,1,1,2,2,0,2,1,2,2
618,경기,현리정기5일시장,1,2,1,1,2,2,2,30,2,1,2,2
619,경기,능곡전통시장,1,1,1,1,1,1,2,100,1,1,2,2
620,경기,덕이동패션1번지,1,1,1,1,1,1,1,100,1,1,2,2
621,경기,원당전통시장,1,1,1,1,1,1,1,90,1,2,1,2
622,경기,일산전통시장,1,2,1,1,1,1,2,100,1,1,1,2
623,경기,과천새서울프라자시장,1,1,1,1,1,1,2,20,1,1,2,1
624,경기,제일쇼핑시장,1,1,1,1,1,1,1,80,1,1,2,1
625,경기,광명새마을시장,1,1,1,1,1,1,1,100,1,1,1,2
626,경기,광명전통시장,1,1,1,1,1,1,1,100,1,1,1,2
627,경기,경안시장,1,1,1,1,1,1,1,100,1,1,1,2
628,경기,구리전통시장,1,1,1,1,1,1,1,100,1,1,1,1
629,경기,군포역전시장,1,1,1,1,1,1,1,100,1,1,1,2
630,경기,산본시장,1,1,1,1,1,1,1,90,1,1,1,2
631,경기,김포5일장,1,2,1,1,1,2,1,1,1,1,2,2
632,경기,양곡5일장,1,1,1,1,1,1,2,0,2,1,2,2
633,경기,양곡시장,1,2,1,1,1,1,1,80,1,1,2,2
634,경기,양곡오라니장터시장,1,2,1,1,1,1,2,90,1,1,1,2
635,경기,통진5일장(마송5일장),1,1,1,1,1,1,2,1,1,1,2,2
636,경기,통진시장,1,2,1,1,1,1,2,100,1,2,2,2
637,경기,하성5일장,2,2,2,2,2,2,2,0,2,1,2,2
638,경기,마석5일장,1,2,1,1,1,1,2,0,2,1,2,2
639,경기,장현5일장,1,2,2,1,2,2,2,0,1,1,2,2
640,경기,남양주장현 전통시장,1,1,1,1,2,2,2,90,1,1,2,2
641,경기,동두천제일시장,1,1,1,1,1,1,1,100,1,1,1,2
642,경기,동두천큰시장,1,1,1,1,1,1,1,90,1,1,1,2
643,경기,세아프라자상가,1,1,1,1,1,1,1,100,1,1,2,1
644,경기,중앙시장,1,1,1,1,1,1,2,100,1,1,1,2
645,경기,강남시장,1,2,1,1,1,1,1,100,1,1,1,2
646,경기,고리울동굴시장,1,2,1,1,1,1,2,90,1,2,1,2
647,경기,부천상동시장,1,1,1,1,1,1,2,90,1,1,1,2
648,경기,부천자유시장,1,1,1,1,1,1,1,10,1,1,1,2
649,경기,부천제일시장,1,2,1,1,1,1,2,20,2,2,2,2
650,경기,부천중동시장,1,1,1,1,1,1,1,90,1,1,1,2
651,경기,부천한신시장,1,1,1,1,1,1,2,90,1,1,1,2
652,경기,소사종합시장,1,1,1,1,1,1,1,80,1,1,1,2
653,경기,신흥시장,1,1,1,1,1,1,1,90,1,1,1,2
654,경기,역곡남부시장,1,1,1,1,1,1,2,41,1,1,1,2
655,경기,역곡상상시장(역곡북부시장),1,1,1,1,1,1,1,100,1,1,1,2
656,경기,오정시장,1,1,1,1,1,1,1,100,2,2,1,2
657,경기,원미종합시장,1,1,1,1,1,1,2,100,1,1,1,2
658,경기,원종종합시장,1,1,1,1,1,1,1,70,1,1,1,2
659,경기,원종중앙시장,1,1,1,1,1,1,1,100,1,1,1,1
660,경기,조공시장,1,1,1,1,1,1,2,100,1,2,2,2
661,경기,금광시장,1,1,1,1,1,1,1,30,1,1,2,2
662,경기,금호시장,1,1,1,1,1,1,1,100,1,1,2,1
663,경기,단대전통시장,1,1,1,1,1,1,1,60,1,1,1,1
664,경기,돌고래시장,1,1,1,1,1,1,1,10,1,1,2,2
665,경기,동신종합시장,1,1,1,1,1,1,1,100,1,1,2,1
666,경기,모란민속5일장,1,2,1,2,1,2,2,0,1,1,2,2
667,경기,모란종합시장,1,1,1,1,1,1,1,100,1,1,2,2
668,경기,미래그린시장,1,1,1,1,1,1,1,50,1,1,1,2
669,경기,미래타운제2종합시장,1,1,1,1,1,1,1,100,1,1,2,2
670,경기,분당우성시장,1,1,1,1,1,1,1,30,1,1,1,2
671,경기,상대원시장,1,1,1,1,1,1,1,100,1,1,1,2
672,경기,성남남한산성시장(은행골목시장),1,1,1,1,1,1,2,100,2,2,2,2
673,경기,성호시장,1,2,1,1,1,1,2,100,1,1,2,2
674,경기,은행시장,1,1,1,1,1,1,2,100,1,1,1,2
675,경기,코끼리시장,1,1,1,1,1,1,1,10,1,1,2,2
676,경기,코코프라자시장,1,1,1,1,1,1,1,70,1,1,2,1
677,경기,하대원공설시장,1,1,1,1,1,1,1,100,1,1,2,1
678,경기,현대시장,1,1,1,1,1,1,1,100,1,1,1,2
679,경기,현대시장(분당),1,1,1,1,1,1,1,100,1,1,1,2
680,경기,모란가축시장,1,1,1,1,2,1,2,100,2,2,2,2
681,경기,미금현대벤처빌시장,1,1,1,1,1,1,1,50,1,1,2,1
682,경기,범한프라자시장,1,1,1,1,1,1,1,60,1,1,2,1
683,경기,청구문화시장,1,1,1,1,1,1,1,30,1,1,2,2
684,경기,구매탄시장,1,1,1,1,1,1,1,100,1,1,1,2
685,경기,구천동공구상가,1,2,1,1,2,1,1,100,1,2,2,2
686,경기,권선종합시장,1,2,1,1,1,1,1,100,1,1,1,2
687,경기,남문로데오시장,1,1,1,1,1,1,1,100,1,1,2,2
688,경기,남문패션1번가시장,1,1,1,1,1,1,1,100,1,2,1,2
689,경기,매산시장,1,1,1,1,1,1,1,100,1,2,2,2
690,경기,못골종합시장,1,1,1,1,1,1,1,100,1,1,1,2
691,경기,미나리광시장,1,1,1,1,1,1,2,100,1,1,1,2
692,경기,북수원시장,1,2,1,1,2,1,2,95,1,2,2,2
693,경기,시민상가시장,1,2,2,1,1,1,2,100,1,1,1,2
694,경기,역전시장,1,1,1,1,1,1,1,100,1,1,2,1
695,경기,연무시장,1,2,1,1,1,1,2,100,1,1,2,2
696,경기,영동시장,1,1,1,1,1,1,1,90,1,1,1,1
697,경기,장안문거북시장,1,1,1,1,1,1,2,98,2,1,2,2
698,경기,정자시장,1,1,1,1,1,1,1,100,1,1,2,2
699,경기,조원시장,1,2,1,1,1,1,1,100,1,1,2,2
700,경기,지동시장,1,1,1,1,1,1,1,100,1,1,1,1
701,경기,팔달문시장,1,1,1,1,1,1,1,96,1,1,1,2
702,경기,화서시장,1,1,1,1,1,1,2,100,1,1,1,2
703,경기,시흥삼미시장,1,1,1,1,1,1,2,100,1,1,1,2
704,경기,정왕시장,1,1,1,1,1,1,1,90,1,1,2,1
705,경기,도일시장,1,1,1,1,1,1,2,100,1,1,2,2
706,경기,스타프라자전통시장,1,1,1,1,1,1,1,90,1,1,2,1
707,경기,신안코아,1,1,1,1,1,1,1,100,1,1,2,1
708,경기,신안프라자전통시장,1,1,1,1,1,1,1,100,1,1,2,1
709,경기,안산시시민시장,1,1,1,1,1,1,1,100,1,1,2,2
710,경기,월드프라자,1,1,1,1,1,1,1,100,1,1,2,1
711,경기,안성맞춤시장,1,1,1,1,1,1,1,100,1,1,1,2
712,경기,일죽시장,1,1,1,1,1,1,1,100,1,1,2,1
713,경기,죽산시장,1,2,1,1,1,1,2,100,1,1,2,2
714,경기,중앙시장,1,1,1,1,1,1,1,100,1,1,1,2
715,경기,박달시장,1,1,1,1,1,1,1,100,1,1,1,2
716,경기,석수시장,1,2,1,1,1,1,2,100,2,1,2,2
717,경기,안양관양시장,1,1,1,1,1,1,1,100,1,1,1,2
718,경기,안양남부시장,1,1,1,1,1,1,1,100,1,1,1,2
719,경기,안양중앙인정시장,1,1,1,1,1,1,1,90,1,1,1,2
720,경기,안양호계종합시장,1,1,1,1,1,1,1,100,1,1,1,2
721,경기,중앙시장,1,1,1,1,1,1,1,100,1,1,1,2
722,경기,양수리전통시장(양평양수리시장),1,2,1,1,1,1,1,100,1,1,1,2
723,경기,양평물맑은시장,1,1,1,1,1,1,1,90,1,1,1,1
724,경기,용문천년시장,1,2,1,1,1,1,2,90,1,1,2,1
725,경기,가남시장,1,2,1,1,1,1,2,100,2,1,1,2
726,경기,전곡5일장,1,2,1,1,2,2,2,10,2,1,2,2
727,경기,전곡재래시장,1,1,1,1,1,1,1,100,1,1,1,2
728,경기,오색시장,1,1,1,1,1,1,1,90,1,1,1,2
729,경기,백암5일장,1,2,2,1,2,2,2,8,2,1,2,2
730,경기,용인중앙시장,1,1,1,1,1,1,1,90,1,1,1,1
731,경기,죽전로데오상점가전통시장,1,1,1,1,1,1,1,100,2,1,2,1
732,경기,부곡도깨비시장,1,2,1,1,1,1,1,100,1,1,2,2
733,경기,의정부제일시장,1,1,1,1,1,1,1,100,1,1,1,1
734,경기,의정부청과야채시장,1,1,1,1,1,1,1,100,1,1,1,2
735,경기,관고전통시장,1,1,1,1,1,1,1,100,1,1,1,2
736,경기,사기막골도자기시장,1,2,1,1,1,1,2,70,1,1,2,2
737,경기,장호원전통시장,1,2,1,1,1,1,2,60,1,1,1,2
738,경기,광탄시장,1,1,1,1,1,1,2,50,1,1,1,2
739,경기,금촌명동로시장,1,2,1,1,1,1,1,100,1,1,2,2
740,경기,금촌문화로시장,1,1,1,1,1,1,1,90,2,1,2,2
741,경기,금촌전통시장,1,1,1,1,1,1,2,100,1,1,1,2
742,경기,문산자유시장,1,1,1,1,1,1,2,100,1,1,1,2
743,경기,적성전통시장,1,1,1,1,2,1,2,100,1,1,2,2
744,경기,서정리시장,1,1,1,1,1,1,2,100,1,1,1,2
745,경기,송탄시장,1,1,1,1,1,1,1,90,1,1,1,2
746,경기,안중시장,1,1,1,1,1,1,1,90,1,1,1,2
747,경기,중앙시장,1,1,1,1,1,1,1,80,1,1,1,2
748,경기,통복시장,1,1,1,1,1,1,1,80,1,1,1,2
749,경기,신읍5일장,1,1,1,1,1,1,2,0,2,1,2,2
750,경기,운천전통시장,1,1,1,1,1,1,1,90,1,1,1,2
751,경기,일동전통시장,1,1,1,1,1,1,1,100,1,1,1,1
752,경기,덕풍전통시장,1,1,1,1,1,1,1,100,1,1,1,1
753,경기,신장전통시장,1,1,1,1,1,1,1,100,1,1,1,2
754,경기,남양시장,1,2,1,1,2,2,2,100,1,1,2,2
755,경기,발안시장,1,1,1,1,1,1,1,100,1,1,2,2
756,경기,사강시장,1,1,1,1,1,1,1,90,1,1,1,2
757,경기,조암시장,1,2,1,1,1,2,2,85,2,1,1,2
758,강원,강릉동부시장,1,1,1,1,1,1,1,50,1,1,1,2
759,강원,강릉서부시장,1,1,1,1,1,1,1,100,1,1,1,2
760,강원,강릉성남시장,1,2,1,1,1,1,2,60,1,1,1,2
761,강원,주문진건어물시장,1,1,1,1,1,1,1,100,1,1,1,2
762,강원,주문진수산시장,1,1,1,1,1,1,1,50,1,1,1,2
763,강원,주문진종합시장,1,2,1,1,1,1,1,60,1,1,1,2
764,강원,중앙시장,1,1,1,1,1,1,1,20,1,1,1,2
765,강원,간성시장(천년고성시장),1,1,1,1,1,1,1,100,1,1,1,2
766,강원,거진시장,1,1,1,1,1,1,1,100,1,1,2,2
767,강원,동쪽바다중앙시장,1,2,1,1,1,1,1,90,1,1,1,2
768,강원,동해남부재래시장,1,1,1,1,1,1,1,80,1,1,2,1
769,강원,묵호시장,1,2,1,1,1,1,1,100,2,1,1,2
770,강원,북평민속시장,1,2,1,1,2,2,2,90,2,1,2,2
771,강원,삼척번개시장,1,2,1,1,1,2,2,90,1,1,1,2
772,강원,삼척중앙시장,1,1,1,1,1,1,1,100,1,1,1,1
773,강원,속초종합중앙시장,1,1,1,1,1,1,1,100,1,1,1,1
774,강원,속초중앙전통시장(속초관광수산시장),1,1,1,1,1,1,1,100,2,1,1,1
775,강원,양구중앙시장,1,2,1,1,1,1,1,55,1,1,1,2
776,강원,양양전통시장,1,1,1,1,1,1,1,100,1,1,1,2
777,강원,서부공설시장,1,1,1,1,1,1,1,99,1,1,1,2
778,강원,영월덕포5일장,1,2,1,1,2,2,2,70,1,1,2,2
779,강원,서부아침시장,1,1,1,1,1,1,1,90,1,1,1,2
780,강원,영월중앙시장,1,1,1,1,1,1,1,99,1,1,2,1
781,강원,문막시장,1,2,1,1,2,2,2,99,2,1,2,2
782,강원,미로예술원주중앙시장(원주중앙시장),1,2,1,1,1,1,1,100,1,1,1,2
783,강원,민속풍물시장,1,2,1,1,1,1,1,100,1,1,2,2
784,강원,북원상가시장,1,1,1,1,1,1,1,100,1,1,2,1
785,강원,원주남부시장,1,1,1,1,1,1,1,90,1,1,2,2
786,강원,자유시장,1,1,1,1,1,1,1,62,1,1,1,1
787,강원,중앙시민전통시장,1,2,1,1,1,1,1,100,1,1,1,2
788,강원,기린면5일장,1,2,1,1,1,2,2,100,2,1,2,2
789,강원,원통시장,1,2,1,1,1,1,1,100,1,1,1,2
790,강원,인제시장,1,2,1,1,2,1,1,70,1,1,2,2
791,강원,고한구공탄시장(고한시장),1,1,1,1,1,1,1,90,1,1,1,1
792,강원,임계사통팔달시장,1,2,1,1,1,1,1,99,1,1,1,2
793,강원,정선사북시장,1,1,1,1,1,1,1,100,1,1,1,2
794,강원,정선아리랑시장,1,1,1,1,1,1,1,80,1,1,1,1
795,강원,동송시장,1,1,1,1,1,1,1,100,1,1,1,2
796,강원,동송전통시장,1,1,1,1,1,1,2,60,1,1,1,2
797,강원,신철원시장,1,1,1,1,1,1,1,80,1,1,1,2
798,강원,와수시장,1,2,1,1,1,1,1,80,1,1,1,2
799,강원,제일종합시장,1,1,1,1,1,1,1,100,1,1,1,1
800,강원,춘천남부시장,1,1,1,1,1,1,1,100,1,1,1,1
801,강원,춘천동부시장,1,1,1,1,1,1,1,100,1,1,1,1
802,강원,춘천번개시장,1,2,1,1,1,2,2,70,1,1,2,2
803,강원,춘천서부시장,1,1,1,1,1,1,1,79,1,1,2,2
804,강원,춘천중앙시장,1,1,1,1,1,1,1,100,1,1,1,2
805,강원,춘천풍물시장,1,1,1,1,1,1,1,100,1,1,1,2
806,강원,춘천후평시장,1,1,1,1,1,1,1,90,1,1,1,2
807,강원,장성중앙시장,1,1,1,1,1,1,1,100,1,1,1,2
808,강원,황지자유시장,1,2,1,1,1,1,1,100,1,1,1,2
809,강원,봉평전통시장(봉평시장),1,2,1,1,2,2,2,100,1,1,2,2
810,강원,진부전통시장,1,1,1,1,2,1,2,99,1,1,2,2
811,강원,평창대화시장,1,1,1,1,1,1,2,100,2,1,1,2
812,강원,평창올림픽시장(평창전통시장),1,1,1,1,1,1,1,100,1,1,1,2
813,강원,홍천시장,1,1,1,1,1,1,1,61,1,1,1,2
814,강원,홍천중앙시장,1,1,1,1,1,1,1,100,2,1,2,2
815,강원,사내5일장,1,2,2,1,2,2,2,70,2,1,2,2
816,강원,화천5일장,1,2,2,1,2,2,2,70,2,1,2,2
817,강원,화천재래시장,1,2,1,1,1,1,1,100,1,1,1,2
818,강원,횡성시장,1,1,1,1,1,1,1,0,1,1,1,2
819,충북,괴산전통시장,1,1,1,1,1,1,1,100,1,1,1,2
820,충북,목도재래시장,1,1,1,1,1,1,1,100,1,1,1,2
821,충북,청천전통시장,1,1,1,1,1,1,1,100,1,1,1,2
822,충북,단양구경시장(단양인정시장),1,1,1,1,1,1,1,100,1,1,1,2
823,충북,매포전통시장(매포재래시장),1,1,1,1,1,1,1,100,1,1,1,2
824,충북,영춘전통시장(영춘재래시장),1,2,1,1,1,1,1,100,1,1,2,1
825,충북,마로관기시장(관기재래시장),1,2,1,1,2,2,2,100,2,1,1,2
826,충북,보은전통시장,1,1,1,1,1,1,1,100,1,1,1,2
827,충북,보은종합시장,1,1,1,1,1,1,1,100,1,1,1,2
828,충북,영동전통시장,1,1,1,1,1,1,1,80,1,1,1,2
829,충북,영동중앙시장,1,1,1,1,1,1,1,100,1,1,1,1
830,충북,옥천공설시장,1,1,1,1,1,1,2,100,1,1,1,1
831,충북,옥천상가,1,1,1,1,1,1,1,100,1,1,1,2
832,충북,감곡시장,1,2,1,1,1,1,1,100,1,1,2,2
833,충북,대소시장,1,2,1,1,1,1,2,90,1,1,2,2
834,충북,삼성시장,1,2,1,1,1,1,1,100,1,1,1,2
835,충북,무극시장,1,1,1,1,1,1,1,100,1,1,1,2
836,충북,음성시장,1,2,1,1,2,2,2,50,1,1,1,2
837,충북,내토전통시장,1,2,1,1,1,1,1,100,1,1,1,2
838,충북,덕산면전통시장,1,2,1,1,1,1,2,100,2,1,2,2
839,충북,동문시장,1,2,1,1,1,1,1,100,1,2,1,2
840,충북,박달재전통시장,1,2,1,2,1,2,2,50,1,1,2,2
841,충북,제천약초시장,1,1,1,1,1,1,1,100,1,1,1,2
842,충북,제천역전한마음시장,1,1,1,1,1,1,1,100,1,1,1,2
843,충북,제천중앙시장,1,1,1,1,1,1,1,100,1,1,1,1
844,충북,증평장뜰재래시장,1,2,1,1,1,1,2,95,1,1,1,2
845,충북,운수대통! 생거진천전통시장,1,1,1,1,1,1,1,100,1,1,1,1
846,충북,진천중앙시장,1,1,1,1,1,1,1,90,1,1,1,2
847,충북,가경터미널시장,1,1,1,1,1,1,2,100,1,1,1,2
848,충북,내덕자연시장,1,1,1,1,1,1,1,100,1,1,1,2
849,충북,내수전통시장,1,2,1,1,2,2,2,100,1,1,2,2
850,충북,문의전통시장(문의재래시장),1,2,1,1,1,1,1,100,2,1,2,2
851,충북,미원전통시장(미원재래시장),1,2,1,1,1,2,2,100,2,1,2,2
852,충북,복대가경시장,1,2,1,1,1,1,2,100,1,1,1,2
853,충북,북부시장,1,1,1,1,1,1,1,100,1,1,1,2
854,충북,사직시장,1,2,1,1,2,2,2,100,1,1,1,2
855,충북,서문시장,1,1,1,1,1,1,1,80,1,1,1,1
856,충북,오창전통시장,1,1,1,1,1,1,1,100,1,1,1,2
857,충북,옥산전통시장(옥산재래시장),1,2,1,1,2,2,2,100,2,1,2,2
858,충북,원마루시장,1,1,1,1,1,1,1,97,1,1,1,2
859,충북,육거리종합시장,1,2,1,1,1,1,1,95,1,1,1,2
860,충북,중앙시장,1,1,1,1,1,1,1,90,2,1,1,2
861,충북,직지시장,1,2,1,1,1,1,1,90,1,1,1,1
862,충북,청주두꺼비시장(구수곡시장),1,1,1,1,1,1,1,100,1,1,1,2
863,충북,청주사창시장,1,1,1,1,1,1,1,90,1,1,1,2
864,충북,관아골상가,1,2,1,1,2,2,2,100,1,1,1,2
865,충북,농산물종합시장(중앙청과시장),1,1,1,1,1,1,1,95,1,1,1,2
866,충북,목행시장,1,2,1,2,2,1,2,100,2,1,2,2
867,충북,무학시장,1,1,1,1,1,1,1,100,1,1,1,2
868,충북,연수상가,1,1,1,1,1,1,2,100,2,2,1,2
869,충북,연원시장,1,2,1,1,1,2,2,100,1,1,1,2
870,충북,중앙어울림시장,1,2,1,1,1,1,1,100,1,1,2,2
871,충북,충주옹달샘시장,1,1,1,1,1,1,2,100,1,1,1,2
872,충북,충주자유시장,1,1,1,1,1,1,1,100,1,1,1,2
873,충북,성서 문화의 거리 상점가,1,2,1,1,1,2,2,100,1,2,2,2
874,충남,공주산성시장,1,1,1,1,1,1,1,90,1,1,1,2
875,충남,산성시장활성화구역,1,1,1,1,1,1,1,80,2,1,2,2
876,충남,유구시장,1,1,1,1,1,1,1,100,1,1,1,2
877,충남,금산국제인삼시장(금산인삼국제시장),1,1,1,1,1,1,1,95,1,1,1,2
878,충남,금산수삼센타,1,1,1,1,1,1,1,10,1,1,1,2
879,충남,금산시장,1,1,1,1,1,1,1,100,1,1,1,2
880,충남,금산약초시장,1,1,1,1,1,1,1,40,1,1,1,2
881,충남,금산인삼쇼핑센타,1,1,1,1,1,1,1,60,1,1,1,1
882,충남,금산인삼전통시장,1,1,1,1,1,1,2,70,2,1,2,2
883,충남,마전시장,1,1,1,1,1,1,1,40,1,1,1,2
884,충남,중부프라자,1,1,1,1,1,1,1,95,2,1,1,2
885,충남,강경대흥시장,1,1,1,1,1,1,1,100,1,1,1,2
886,충남,강경젓갈시장,1,1,1,1,1,1,2,100,1,1,1,2
887,충남,연무안심시장,1,1,1,1,1,1,1,100,1,1,1,2
888,충남,연산전통시장,1,1,1,1,1,1,1,80,1,1,1,2
889,충남,화지중앙시장,1,1,1,1,1,1,1,100,1,1,1,2
890,충남,당진전통시장,1,1,1,1,1,1,1,90,1,1,1,1
891,충남,합덕전통시장,1,1,1,1,1,1,1,100,1,1,1,2
892,충남,동부시장,1,1,1,1,1,1,1,100,1,1,1,2
893,충남,보령중앙시장,1,1,1,1,1,1,1,100,1,1,1,2
894,충남,보령한내시장,1,1,1,1,1,1,1,100,1,1,1,1
895,충남,웅천시장,1,1,1,1,1,1,1,90,1,1,1,2
896,충남,현대시장(현대상가시장),1,1,1,1,1,1,2,100,1,1,1,2
897,충남,부여시장,1,1,1,1,1,1,1,80,1,1,2,1
898,충남,부여중앙시장,1,1,1,1,1,1,1,100,1,1,1,2
899,충남,외산시장,1,2,1,1,1,2,2,40,2,1,2,2
900,충남,은산시장,1,1,1,1,1,1,2,50,1,1,2,2
901,충남,홍산시장,1,1,1,1,1,1,1,4,1,1,1,2
902,충남,대산종합시장,1,1,1,1,1,1,1,100,1,1,2,1
903,충남,서산동부전통시장(동부시장),1,1,1,1,1,1,1,100,1,1,1,1
904,충남,해미시장,1,1,1,1,1,1,1,100,1,1,1,1
905,충남,해미종합시장,1,1,1,1,1,1,1,100,1,1,2,2
906,충남,비인전통시장(비인시장),1,1,1,1,1,1,2,100,2,1,2,2
907,충남,서천특화시장,1,1,1,1,1,1,1,100,1,1,1,1
908,충남,장항전통시장,1,1,1,1,1,1,1,80,1,1,1,2
909,충남,판교전통시장(판교시장),1,2,1,1,1,2,1,80,1,1,2,2
910,충남,한산전통시장(한산시장),1,1,1,1,1,1,1,100,1,1,2,2
911,충남,둔포전통시장(둔포시장),1,2,1,1,1,1,1,75,1,1,2,2
912,충남,온양온천시장(온양전통시장),1,1,1,1,1,1,1,100,1,1,1,2
913,충남,온양온천역풍물5일장,1,1,1,1,1,1,2,5,2,1,2,2
914,충남,고덕시장,1,2,1,1,2,2,2,100,2,1,2,2
915,충남,덕산시장,1,2,1,1,2,2,2,60,2,1,1,2
916,충남,역전시장,1,1,1,1,1,1,1,100,1,1,1,2
917,충남,예산상설시장,1,2,1,1,1,1,1,100,1,1,1,2
918,충남,예산시장,1,2,2,1,2,2,2,0,2,1,1,2
919,충남,천안중앙시장(구 남산중앙시장),1,1,1,1,1,1,1,98,1,1,1,2
920,충남,병천시장,1,1,1,1,1,1,2,10,1,1,2,2
921,충남,성정시장,1,1,1,1,1,1,1,100,1,1,1,1
922,충남,성환이화시장,1,2,1,1,2,2,2,90,1,1,2,2
923,충남,천안역전시장,1,1,1,1,1,1,1,80,1,1,1,2
924,충남,구기자약초시장,1,2,1,1,1,1,1,100,1,1,2,2
925,충남,정산시장,1,1,1,1,1,1,1,100,1,1,1,2
926,충남,청양전통시장,1,1,1,1,1,1,1,100,1,1,1,1
927,충남,청양특화시장,1,1,1,1,1,1,2,100,1,1,1,2
928,충남,안면도수산시장(안면도장터),1,1,1,1,1,1,1,100,1,1,1,1
929,충남,태안서부시장,1,1,1,1,1,1,1,100,1,1,1,2
930,충남,태안특산물전통시장,1,1,1,1,1,1,1,100,1,1,1,2
931,충남,갈산정기시장,1,1,1,1,1,1,1,100,1,1,1,2
932,충남,광천전통시장,1,1,1,1,1,1,1,100,1,1,1,2
933,충남,홍성상설시장,1,1,1,1,1,1,1,98,1,1,1,2
934,충남,홍성전통시장,1,1,1,1,1,1,1,80,1,1,1,1
935,전북,고창전통시장,1,1,1,1,1,1,1,100,1,1,1,2
936,전북,대산전통시장,1,2,1,1,1,1,1,100,2,1,1,2
937,전북,무장전통시장,1,2,1,1,1,2,2,50,1,1,1,2
938,전북,상하전통시장,1,2,1,1,2,2,2,100,2,1,1,2
939,전북,해리전통시장,1,2,1,1,1,2,2,100,1,1,1,2
940,전북,흥덕전통시장,1,2,1,1,1,1,1,100,1,1,1,2
941,전북,군산공설시장,1,1,1,1,1,1,1,1,1,1,1,1
942,전북,군산수산물종합센터,1,1,1,1,1,1,2,10,1,1,1,1
943,전북,군산신영시장,1,1,1,1,1,1,1,80,1,1,1,2
944,전북,군산주공시장,1,2,1,1,1,1,1,50,1,1,1,2
945,전북,대야전통시장,1,2,1,1,1,1,1,100,1,1,2,2
946,전북,명산시장,1,2,1,1,1,1,1,100,1,1,1,2
947,전북,역전종합시장,1,1,1,1,1,1,1,100,1,1,1,2
948,전북,금만시장,1,2,1,1,2,1,1,100,1,1,2,2
949,전북,김제전통시장,1,1,1,1,1,1,1,100,1,1,1,2
950,전북,역전시장,1,2,1,1,1,1,1,100,1,1,2,2
951,전북,원평공설시장(김제원평시장),1,2,1,1,2,2,1,100,1,1,2,2
952,전북,남원공설시장,1,1,1,1,1,1,1,90,1,1,1,2
953,전북,남원인월시장,1,1,1,1,1,1,1,90,1,1,1,2
954,전북,용남시장,1,1,1,1,1,1,1,50,1,1,1,2
955,전북,무주시장(반딧불장터),1,1,1,1,1,1,1,100,1,1,1,2
956,전북,무풍시장(대덕산장터),1,1,1,1,1,1,1,100,1,1,1,2
957,전북,설천시장(삼도봉장터),1,2,1,1,1,1,1,100,2,1,1,2
958,전북,안성시장(덕유산장터),1,1,1,1,1,1,2,100,1,1,1,2
959,전북,부안상설시장,1,1,1,1,1,1,1,100,1,1,1,2
960,전북,줄포시장,1,1,1,1,1,1,1,100,1,1,1,2
961,전북,동계시장,1,2,1,1,1,2,2,70,2,1,1,2
962,전북,복흥시장,1,1,1,1,1,2,2,100,2,1,2,2
963,전북,순창시장,1,2,1,1,1,1,2,100,1,1,1,2
964,전북,고산미소시장,1,1,1,1,1,1,2,100,1,1,2,2
965,전북,봉동시장,1,1,1,1,1,1,1,100,1,1,1,2
966,전북,삼례시장,1,1,1,1,1,1,2,100,1,1,2,1
967,전북,매일시장,1,1,1,1,1,1,1,100,1,1,1,2
968,전북,북부시장,1,1,1,1,1,1,1,100,1,1,1,2
969,전북,익산 구시장,1,1,1,1,1,1,2,100,1,1,2,1
970,전북,익산남부시장,1,1,1,1,1,1,1,100,1,1,1,2
971,전북,익산장(익산북부장),1,1,1,1,1,1,1,100,1,1,1,2
972,전북,함열시장,1,1,1,1,1,1,1,100,1,1,1,2
973,전북,황등시장,1,1,1,1,1,1,1,0,1,1,1,2
974,전북,강진시장,1,1,1,1,1,1,2,0,1,1,1,2
975,전북,관촌시장,1,1,1,1,1,1,1,100,1,1,1,1
976,전북,오수시장,1,2,1,1,1,2,2,60,1,1,1,2
977,전북,임실시장,1,1,1,1,1,1,1,100,1,1,1,1
978,전북,산서시장,1,2,1,1,1,1,2,100,1,1,1,2
979,전북,장계시장,1,2,1,1,1,1,2,90,1,1,1,2
980,전북,장수시장,1,1,1,1,1,2,2,100,1,1,1,2
981,전북,모래내시장(전주),1,2,1,1,1,1,1,100,1,1,1,2
982,전북,전주남부시장,1,1,1,1,1,1,1,100,1,1,1,2
983,전북,전주신중앙시장(신중앙시장),1,1,1,1,1,1,1,100,1,1,1,2
984,전북,전주중앙상가,1,1,1,1,1,1,1,20,1,1,1,1
985,전북,서부시장상점가(서부시장 통합),1,1,1,1,1,1,1,100,1,1,2,2
986,전북,샘고을시장,1,1,1,1,1,1,1,100,1,1,1,2
987,전북,신태인시장,1,1,1,1,1,1,1,100,1,1,1,1
988,전북,정읍연지시장(정읍제2시장),1,1,1,1,1,1,2,100,1,1,1,2
989,전북,진안고원시장,1,1,1,1,1,1,1,70,1,1,1,1
990,전남,강진읍시장,1,1,1,1,1,1,1,100,1,1,1,1
991,전남,마량5일시장,1,2,1,1,1,1,2,90,1,1,1,2
992,전남,병영5일시장,1,2,1,1,2,2,2,100,1,1,1,2
993,전남,과역전통시장,1,2,1,1,1,1,2,100,1,1,1,2
994,전남,녹동전통시장,1,1,1,1,1,1,1,50,1,1,1,2
995,전남,도화전통시장,1,2,1,1,2,1,2,100,1,1,1,2
996,전남,동강전통시장,1,2,1,1,2,2,2,30,2,1,1,2
997,전남,곡성기차마을전통시장,1,1,1,1,1,1,1,80,1,1,1,2
998,전남,석곡전통시장,1,1,1,1,1,1,1,100,1,1,1,2
999,전남,옥과5일시장,1,2,1,1,2,2,2,100,1,1,1,2
1000,전남,광양5일시장,1,1,1,1,1,1,1,100,1,1,1,2
1001,전남,광양매일시장,1,2,1,1,1,2,2,100,1,1,1,2
1002,전남,광영상설시장,1,1,1,1,1,1,1,70,1,1,1,2
1003,전남,옥곡5일시장,1,1,1,1,1,1,1,100,1,1,1,2
1004,전남,중마시장,1,1,1,1,1,1,1,100,1,1,1,2
1005,전남,구례5일시장,1,2,1,1,1,1,2,100,1,1,1,2
1006,전남,구례상설시장,1,1,1,1,1,1,1,100,2,1,1,2
1007,전남,지리산나들이장터,1,1,1,1,1,1,1,100,1,1,1,2
1008,전남,공산5일시장,1,2,1,1,2,2,2,70,1,1,1,2
1009,전남,나주목사고을시장,1,1,1,1,1,1,1,100,1,1,1,2
1010,전남,남평5일시장,1,2,1,1,1,1,1,100,2,1,1,2
1011,전남,다시5일시장,1,1,1,1,1,1,1,100,2,1,2,2
1012,전남,세지5일장,1,2,1,2,2,2,2,100,2,1,2,2
1013,전남,영산포풍물시장,1,1,1,1,1,1,2,100,1,1,1,2
1014,전남,대전시장,1,1,1,1,1,1,2,80,2,1,2,2
1015,전남,창평전통시장,1,2,1,1,1,1,1,100,1,1,1,2
1016,전남,신중앙시장,1,1,1,1,1,1,2,90,1,1,1,2
1017,전남,자유시장,1,1,1,1,1,1,2,100,1,1,1,2
1018,전남,중앙먹통시장,1,1,1,1,1,1,2,95,1,1,1,2
1019,전남,청호시장,1,1,1,1,1,1,1,70,1,1,1,2
1020,전남,항동시장,1,1,1,1,1,1,2,100,1,1,1,2
1021,전남,무안전통시장,1,1,1,1,1,1,1,100,1,1,1,1
1022,전남,일로전통시장,1,2,1,1,1,1,2,0,1,1,1,2
1023,전남,녹차골보성향토시장(보성읍5일시장),1,1,1,1,1,1,1,80,1,1,1,2
1024,전남,벌교5일시장,1,2,1,1,1,1,1,80,1,1,1,2
1025,전남,벌교매일시장,1,2,1,1,2,2,2,100,1,1,1,2
1026,전남,보성매일시장,1,1,1,1,1,1,1,100,1,1,1,2
1027,전남,복내5일시장,1,2,1,1,1,2,2,60,2,1,2,2
1028,전남,예당5일시장,1,1,1,1,2,2,2,50,1,1,2,2
1029,전남,조성5일시장,1,1,1,1,1,2,2,80,1,1,1,2
1030,전남,순천시아랫장(순천아랫장),1,1,1,1,1,1,1,100,2,1,1,2
1031,전남,역전시장,1,1,1,1,1,1,1,95,1,1,1,2
1032,전남,웃장,1,1,1,1,1,1,1,100,1,1,2,2
1033,전남,지도시장,1,2,1,1,1,1,1,100,1,1,1,2
1034,전남,(주)서시장,1,1,1,1,1,1,1,100,1,1,1,1
1035,전남,교동시장,1,1,1,1,1,1,1,100,1,1,1,2
1036,전남,도깨비시장,1,1,1,1,1,1,1,100,1,1,1,2
1037,전남,봉산시장,1,1,1,1,1,1,1,100,1,1,1,2
1038,전남,쌍봉시장,1,1,1,1,1,1,1,80,1,1,1,2
1039,전남,여수서시장주변시장,1,1,1,1,1,1,1,100,1,1,1,2
1040,전남,여수수산물특화시장,1,1,1,1,1,1,1,100,1,1,1,1
1041,전남,제일시장,1,1,1,1,1,1,1,100,1,1,1,1
1042,전남,중앙시장,1,1,1,1,1,1,1,100,1,1,2,1
1043,전남,진남시장,1,1,1,1,1,1,1,100,1,1,1,1
1044,전남,해안로건어물상가시장,1,1,1,1,2,1,2,50,1,1,2,2
1045,전남,(주)여수수산시장,1,1,1,1,1,1,1,100,1,1,1,1
1046,전남,영광고추특화시장,1,2,1,1,1,1,2,100,2,1,1,2
1047,전남,굴비골영광시장(구 영광매일시장),1,1,1,1,1,1,1,100,1,1,1,2
1048,전남,영광터미널시장,1,1,1,1,1,1,1,100,1,1,1,2
1049,전남,구림5일시장,1,1,1,1,1,1,2,0,1,1,1,2
1050,전남,시종5일시장,1,1,1,1,1,1,1,0,1,1,1,2
1051,전남,신북5일시장,1,2,1,1,1,1,1,0,1,1,1,2
1052,전남,영암5일시장,1,1,1,1,1,1,1,100,1,1,1,2
1053,전남,완도전통시장(구 완도5일시장),1,2,1,1,1,2,2,100,1,1,1,2
1054,전남,완도중앙시장,1,1,1,1,1,1,2,100,1,1,1,2
1055,전남,사거리시장,1,1,1,1,1,1,1,70,1,1,2,2
1056,전남,사창시장,1,1,1,1,1,1,1,40,2,1,2,2
1057,전남,황룡시장,1,1,1,1,1,1,1,40,1,1,1,2
1058,전남,대덕읍전통시장(대덕시장),1,1,1,1,1,1,1,100,1,1,1,1
1059,전남,정남진장흥토요시장,1,1,1,1,1,1,1,80,1,1,1,1
1060,전남,천관산관광시장,1,1,1,1,1,1,1,100,1,1,1,2
1061,전남,회진시장,1,2,1,1,2,1,2,100,2,1,1,2
1062,전남,임회면십일시장,1,2,2,1,2,2,2,100,2,1,2,2
1063,전남,진도상설시장,1,1,1,1,1,1,1,100,1,1,1,1
1064,전남,진도읍조금시장,1,1,1,1,1,1,1,100,1,1,1,2
1065,전남,월야시장,1,2,1,1,1,1,2,100,1,1,1,2
1066,전남,해보시장,1,1,1,1,1,2,2,100,1,1,2,2
1067,전남,남리5일시장,1,1,1,1,1,1,1,20,2,1,2,2
1068,전남,북평면남창5일시장,1,1,1,1,1,1,1,100,2,1,1,2
1069,전남,송지산정5일시장,1,1,1,1,1,1,1,100,1,1,1,2
1070,전남,우수영5일시장,1,2,1,1,1,1,1,100,1,1,1,2
1071,전남,좌일5일시장,1,2,1,1,1,1,1,0,2,1,1,2
1072,전남,해남매일시장,1,2,1,1,1,1,2,100,2,1,1,2
1073,전남,해남읍5일시장,1,1,1,1,1,1,1,20,1,1,1,2
1074,전남,화원5일시장,1,2,1,1,2,2,2,0,2,1,2,2
1075,전남,남면전통시장,1,2,1,1,2,2,2,100,2,1,2,2
1076,전남,능주전통시장,1,1,1,1,1,1,1,100,1,1,1,2
1077,전남,이양전통시장,1,2,1,1,2,2,2,0,2,1,2,2
1078,전남,화순전통시장(화순읍전통시장),1,1,1,1,1,1,1,70,1,1,1,1
1079,경북,경산공설시장,1,1,1,1,1,1,1,100,1,1,1,2
1080,경북,자인공설시장,1,2,1,1,1,1,2,50,1,1,1,2
1081,경북,하양공설시장,1,1,1,1,1,1,1,100,1,1,1,1
1082,경북,감포시장,1,1,1,1,1,1,1,100,1,1,1,2
1083,경북,경주성동공설시장,1,1,1,1,1,1,1,100,1,1,1,1
1084,경북,경주중심상가시장,1,1,1,1,1,1,2,100,1,1,1,2
1085,경북,경주중앙시장,1,1,1,1,1,1,1,100,1,1,1,2
1086,경북,북부상가시장,1,1,1,1,1,1,1,70,1,1,1,2
1087,경북,북정로중심상가시장,1,2,1,2,2,2,2,60,1,1,2,2
1088,경북,불국사상가시장,1,1,1,1,1,1,1,100,1,1,1,2
1089,경북,불국시장,1,1,1,1,1,1,1,100,1,1,1,2
1090,경북,서면시장,1,2,2,2,2,2,2,100,2,1,1,2
1091,경북,안강공설시장,1,1,1,1,1,1,1,100,1,1,1,2
1092,경북,양남시장,1,1,1,1,1,1,1,100,1,1,1,2
1093,경북,양북시장,1,1,1,2,1,1,1,100,1,1,1,2
1094,경북,외동시장,1,2,1,1,2,2,2,50,2,1,2,2
1095,경북,제2경주중심상가시장,1,1,1,1,1,1,1,80,1,1,2,2
1096,경북,건천시장,1,1,1,1,1,1,1,100,1,1,1,2
1097,경북,고령대가야시장,1,2,1,1,1,1,2,80,1,1,1,2
1098,경북,구미공단종합시장,1,1,1,1,1,1,1,100,1,1,2,2
1099,경북,구미산업유통단지,1,1,1,1,1,1,1,99,1,1,2,1
1100,경북,구미새마을중앙시장,1,1,1,1,1,1,1,100,1,1,1,2
1101,경북,구미종합상가,1,1,1,1,1,1,1,100,1,1,1,2
1102,경북,구미파크시장,1,1,1,1,1,1,1,100,1,1,2,1
1103,경북,금오시장,1,1,1,1,1,1,1,50,1,1,2,2
1104,경북,선산봉황시장,1,1,1,1,1,1,1,100,1,1,1,1
1105,경북,신평전통시장,1,2,1,1,1,1,1,70,2,1,1,2
1106,경북,인동시장,1,2,1,1,1,1,1,100,1,1,2,2
1107,경북,장천시장,1,2,2,1,2,2,2,90,2,1,2,2
1108,경북,제일시장상가,1,2,1,1,1,1,1,100,2,1,2,2
1109,경북,종합제일시장,1,1,1,1,1,1,1,100,1,1,1,2
1110,경북,해평공설시장,1,2,1,1,1,1,2,80,1,1,2,2
1111,경북,현대유통쇼핑센타,1,1,1,1,1,1,1,100,1,1,1,2
1112,경북,형곡시장프라자,1,1,1,1,1,1,1,100,1,1,1,1
1113,경북,형곡중앙시장,1,1,1,1,1,1,1,100,1,1,1,2
1114,경북,군위전통시장,1,1,1,1,1,1,1,100,1,1,1,2
1115,경북,의흥시장,1,2,1,1,1,1,1,90,2,1,2,2
1116,경북,평화시장,1,1,1,1,1,1,1,100,1,1,1,2
1117,경북,황금시장,1,2,1,1,1,1,1,100,1,1,1,2
1118,경북,(유)문경시중앙시장,1,1,1,1,1,1,1,90,1,1,1,2
1119,경북,가은아자개시장,1,1,1,1,1,1,1,90,1,1,1,2
1120,경북,문경전통시장,1,2,1,1,1,1,1,90,1,1,1,2
1121,경북,점촌전통시장 (구 신흥시장),1,2,1,1,1,1,1,2,1,1,1,2
1122,경북,문경중앙시장,1,1,1,1,1,1,2,95,1,1,1,2
1123,경북,봉화상설시장,1,1,1,1,1,1,1,100,1,1,1,2
1124,경북,봉화춘양시장(춘양시장),1,2,1,1,1,1,1,100,1,1,1,2
1125,경북,상주중앙시장,1,1,1,1,1,1,1,100,1,1,1,2
1126,경북,은척시장,1,2,1,1,1,1,2,90,1,1,2,2
1127,경북,풍물시장,1,1,1,1,2,2,2,100,1,1,2,2
1128,경북,함창시장,1,2,1,1,2,2,2,90,1,1,1,2
1129,경북,화령시장,1,2,1,1,1,1,2,80,1,1,1,2
1130,경북,성주시장,1,1,1,1,1,1,1,100,1,1,1,2
1131,경북,구담공설시장,1,2,1,1,1,2,2,90,1,1,2,2
1132,경북,안동구시장,1,1,1,1,1,1,2,80,1,1,1,2
1133,경북,용상공설시장,1,1,1,1,1,1,1,100,1,1,1,1
1134,경북,중앙신시장,1,1,1,1,1,1,1,99,1,1,1,2
1135,경북,풍산공설시장,1,2,1,1,2,2,2,90,1,1,1,2
1136,경북,북문시장,1,1,1,1,1,1,1,100,1,1,2,2
1137,경북,강구시장,1,1,1,1,1,1,1,100,1,1,1,2
1138,경북,남정시장,1,1,1,1,1,2,2,100,2,1,2,2
1139,경북,영덕시장,1,1,1,1,1,1,1,1,1,1,1,2
1140,경북,영해만세시장,1,1,1,1,1,1,2,100,1,1,1,2
1141,경북,영양시장,1,1,1,1,1,1,1,100,1,1,1,2
1142,경북,선비골전통시장,1,1,1,1,1,1,2,100,1,1,2,2
1143,경북,신영주번개시장,1,2,1,1,1,1,2,50,1,1,1,2
1144,경북,영주골목시장,1,2,1,1,2,1,2,100,1,1,1,2
1145,경북,영주공설시장,1,1,1,1,1,1,1,100,1,1,1,1
1146,경북,영주문화시장,1,1,1,1,1,1,2,100,1,1,2,2
1147,경북,영주소백쇼핑몰,1,1,1,1,1,1,1,100,1,1,1,2
1148,경북,영주종합시장,1,1,1,1,1,1,1,100,1,1,1,2
1149,경북,영주중앙시장,1,1,1,1,1,1,1,100,1,1,1,1
1150,경북,풍기인삼시장,1,1,1,1,1,1,1,70,1,1,2,2
1151,경북,풍기중앙시장,1,2,1,1,1,2,2,100,1,1,2,2
1152,경북,풍기토종인삼시장,1,1,1,1,1,1,1,100,1,1,1,2
1153,경북,후생시장,1,2,1,1,1,1,1,100,1,1,2,2
1154,경북,금호공설시장,1,1,1,1,1,1,1,100,1,1,1,1
1155,경북,신녕공설시장,1,1,1,1,1,1,1,100,1,1,1,2
1156,경북,영천공설시장,1,1,1,1,1,1,1,100,1,1,1,1
1157,경북,예천맛고을시장,1,2,1,1,1,1,2,100,1,2,2,2
1158,경북,예천상설시장,1,2,1,1,1,1,1,100,1,1,1,2
1159,경북,예천중앙시장,1,1,1,1,1,1,1,100,1,1,1,2
1160,경북,용궁시장,1,1,1,1,1,2,2,50,1,1,1,2
1161,경북,풍양시장,1,2,1,1,2,2,2,50,2,1,2,2
1162,경북,울진시장,1,1,1,1,1,1,1,100,1,1,1,2
1163,경북,죽변시장,1,1,1,1,1,1,2,100,1,1,1,2
1164,경북,척산시장,1,1,1,1,1,1,2,100,2,1,2,2
1165,경북,평해시장,1,2,1,1,1,1,2,100,1,1,2,2
1166,경북,후포시장,1,1,1,1,1,1,2,100,1,1,1,2
1167,경북,흥부시장,1,1,1,1,2,1,1,100,1,1,1,2
1168,경북,매화시장,1,2,1,2,2,1,2,100,1,1,2,2
1169,경북,금성시장,1,2,1,1,1,2,2,100,1,1,2,2
1170,경북,다인정기시장,1,2,1,2,2,2,2,0,2,1,2,2
1171,경북,단촌정기시장,1,2,1,1,2,2,2,50,1,1,2,2
1172,경북,봉양시장,1,1,1,1,1,1,1,20,1,1,1,2
1173,경북,안계공설시장,1,1,1,1,1,1,1,95,1,1,1,2
1174,경북,의성공설재래시장,1,1,1,1,1,1,1,95,1,1,1,2
1175,경북,의성염매시장,1,1,1,1,1,1,1,100,1,1,1,2
1176,경북,동곡공설시장,1,2,1,1,1,1,2,0,2,1,1,2
1177,경북,이서공설시장,1,2,2,1,2,2,2,80,1,1,1,2
1178,경북,청도공설시장,1,2,1,1,2,2,2,0,1,1,1,2
1179,경북,풍각공설시장,1,2,1,1,1,1,1,50,2,1,1,2
1180,경북,도평시장,1,2,1,1,2,2,2,100,2,1,1,2
1181,경북,부남시장,1,1,1,2,2,2,2,100,2,1,2,2
1182,경북,진보시장,1,1,1,1,1,1,1,100,1,1,1,2
1183,경북,청송시장,1,1,1,1,1,1,1,100,1,1,1,2
1184,경북,화목시장,1,2,1,1,2,2,2,100,2,1,2,2
1185,경북,안덕시장,1,2,1,2,2,2,2,100,1,1,2,2
1186,경북,왜관시장,1,1,1,1,1,1,2,100,1,1,1,2
1187,경북,구룡포시장,1,1,1,1,1,1,1,100,1,1,1,2
1188,경북,그린종합시장,1,1,1,1,1,1,1,30,1,1,1,1
1189,경북,남부시장,1,1,1,1,1,1,1,99,1,1,1,2
1190,경북,대해불빛시장,1,1,1,1,1,1,1,100,1,1,1,2
1191,경북,두호1시장,1,2,1,1,1,1,1,100,1,1,2,2
1192,경북,삼경시장,1,1,1,1,1,1,2,100,2,1,2,2
1193,경북,상대종합시장,1,1,1,1,1,1,1,100,1,1,1,2
1194,경북,양학시장,1,1,1,1,1,1,1,100,1,1,1,2
1195,경북,연일전통시장,1,1,1,1,1,1,2,100,1,1,2,2
1196,경북,영남시장,1,1,1,1,1,1,2,100,1,1,2,2
1197,경북,영일대북부시장,1,1,1,1,1,2,1,10,1,1,1,2
1198,경북,오천대영시장,1,1,1,1,1,1,2,100,2,1,1,2
1199,경북,오천삼광시장,1,2,1,1,1,1,2,100,1,1,1,2
1200,경북,오천시장,1,1,1,1,1,1,1,95,1,1,1,1
1201,경북,오천용덕시장,1,1,1,1,1,1,1,100,2,1,1,2
1202,경북,오천제일상가시장,1,1,1,1,1,1,2,100,2,1,1,2
1203,경북,오천중앙시장,1,1,1,1,1,1,1,100,2,1,2,2
1204,경북,이동시장,1,1,1,1,1,1,2,100,2,1,1,2
1205,경북,장량성도시장,1,1,1,1,1,1,1,100,2,1,1,2
1206,경북,장량시장,1,1,1,1,2,2,2,80,1,1,2,2
1207,경북,죽도농산물시장,1,1,1,1,1,1,1,100,1,1,1,2
1208,경북,죽도시장,1,1,1,1,1,1,1,99,1,1,1,2
1209,경북,죽도어시장,1,1,1,1,1,1,1,99,1,1,1,2
1210,경북,죽도종합상가,1,1,1,1,1,1,2,100,2,1,1,2
1211,경북,중앙상가,1,2,1,1,1,1,2,100,1,1,2,1
1212,경북,청하시장,1,2,1,1,1,1,2,100,1,1,1,2
1213,경북,칠성시장,1,1,1,1,1,2,1,99,2,1,2,2
1214,경북,큰동해시장,1,1,1,1,1,1,1,100,1,1,1,2
1215,경북,포항운하송림시장,1,2,1,1,1,1,1,100,2,1,1,2
1216,경북,한라종합시장,1,2,1,1,1,1,1,100,1,1,1,2
1217,경북,항구시장,1,1,1,1,1,1,2,16,1,1,1,2
1218,경북,해도5(형산)시장,1,1,1,1,1,1,1,100,2,1,2,2
1219,경북,해변종합큰상가,1,2,1,1,2,1,2,100,2,1,2,2
1220,경북,효자시장,1,1,1,1,1,1,1,98,1,1,1,2
1221,경북,흥해시장,1,1,1,1,1,1,1,100,1,1,1,2
1222,경남,거제고현시장,1,1,1,1,1,1,1,70,1,1,1,2
1223,경남,신부시장,1,1,1,1,1,1,1,100,1,1,2,2
1224,경남,옥수동새시장,1,1,1,1,1,1,1,100,1,1,2,2
1225,경남,옥수시장,1,1,1,1,1,1,1,90,1,1,1,2
1226,경남,옥포국제시장,1,1,1,1,1,1,1,100,1,1,1,2
1227,경남,옥포중앙시장,1,2,1,1,1,1,2,70,2,1,1,2
1228,경남,옥현상가,1,1,1,1,1,1,1,95,1,1,2,1
1229,경남,장평종합시장,1,1,1,1,1,1,1,90,1,1,2,1
1230,경남,한라프라자,1,1,1,1,1,1,1,50,1,1,2,1
1231,경남,회원프라자,1,1,1,1,1,1,1,100,1,1,2,1
1232,경남,가조공설시장,1,2,1,1,1,1,2,100,2,1,2,2
1233,경남,거창시장,1,1,1,1,1,1,1,100,1,1,1,2
1234,경남,고성공룡시장,1,1,1,1,1,1,1,90,1,1,1,1
1235,경남,배둔시장,1,1,1,1,1,1,1,90,1,1,1,2
1236,경남,김해전통시장(김해동상시장),1,1,1,1,1,1,1,90,1,1,1,2
1237,경남,삼방시장,1,1,1,1,1,1,1,100,1,1,1,2
1238,경남,외동전통시장,1,1,1,1,1,1,2,95,1,2,1,2
1239,경남,장유전통시장(장유중앙시장),1,1,1,1,1,1,1,80,1,1,1,2
1240,경남,진례전통시장,1,2,1,1,1,1,2,0,2,1,1,2
1241,경남,진영전통시장,1,1,1,1,1,1,1,100,1,1,1,1
1242,경남,남면공설시장,1,2,1,1,1,2,1,100,1,1,1,2
1243,경남,남해전통시장,1,1,1,1,1,1,1,100,1,1,1,1
1244,경남,이동시장(이동공설시장),1,2,1,1,1,1,1,100,1,1,1,2
1245,경남,지족공설시장,1,2,1,1,1,1,1,100,2,1,2,2
1246,경남,내일전통시장,1,1,1,1,1,1,1,100,1,1,1,2
1247,경남,무안시장(무안임시시장),1,1,1,1,1,1,1,50,2,1,1,2
1248,경남,밀양아리랑시장,1,1,1,1,1,1,1,100,1,1,1,2
1249,경남,송백시장,1,2,1,1,2,2,2,100,2,1,1,2
1250,경남,송지시장,1,2,2,1,1,2,2,10,2,1,1,2
1251,경남,수산시장,1,2,2,2,2,2,2,100,2,1,2,2
1252,경남,곤양종합시장,1,1,1,1,1,1,1,90,1,1,1,2
1253,경남,사천읍시장,1,1,1,1,1,1,1,10,1,1,1,2
1254,경남,삼천포용궁수산시장,1,1,1,1,1,1,1,100,1,1,1,1
1255,경남,삼천포종합시장,1,2,2,1,1,1,1,80,2,1,2,2
1256,경남,삼천포중앙시장,1,1,1,1,1,1,1,100,1,1,1,2
1257,경남,완사시장,1,2,1,1,1,1,1,100,1,1,2,2
1258,경남,단계시장,1,2,1,1,2,2,2,100,1,1,1,2
1259,경남,단성시장,1,1,1,1,2,2,2,100,2,1,1,2
1260,경남,덕산시장,1,1,1,1,1,1,1,100,1,1,1,2
1261,경남,산청시장,1,2,1,1,1,1,1,100,2,1,1,2
1262,경남,생초시장,1,1,1,1,1,1,1,100,1,1,1,2
1263,경남,덕계종합상설시장,1,1,1,1,1,1,1,70,1,1,2,1
1264,경남,서창시장,1,2,1,1,1,1,1,100,1,1,1,2
1265,경남,신평시장,1,2,1,1,1,1,2,100,1,1,1,2
1266,경남,양산남부시장,1,1,1,1,1,1,1,100,1,1,1,2
1267,경남,양산남부시장상가,1,1,1,1,1,1,1,90,1,1,1,1
1268,경남,양산북부시장,1,1,1,1,1,1,1,100,1,1,2,2
1269,경남,신반시장,1,1,1,1,1,1,1,90,1,1,1,2
1270,경남,의령시장,1,1,1,1,1,1,1,100,1,1,1,2
1271,경남,금곡시장,1,2,1,2,2,2,2,0,2,1,2,2
1272,경남,대곡시장,1,2,1,1,1,1,2,100,2,1,2,2
1273,경남,동부종합상가,1,2,1,1,1,1,2,100,1,1,1,2
1274,경남,문산시장,1,1,1,1,2,2,2,50,1,1,2,2
1275,경남,이현종합상가,1,1,1,1,1,1,1,100,1,1,2,1
1276,경남,일반성상가(일반성시장),1,2,1,1,1,2,2,70,1,1,2,2
1277,경남,자유시장,1,2,1,1,1,1,1,100,1,1,1,2
1278,경남,진주동성상가,1,1,1,1,1,1,1,5,1,1,2,1
1279,경남,진주논개시장,1,1,1,1,1,1,1,100,1,1,2,2
1280,경남,진주중앙시장,1,1,1,1,1,1,1,70,1,1,1,1
1281,경남,천전시장,1,1,1,1,1,1,1,10,1,1,1,2
1282,경남,평거한보하이타운,1,1,1,1,1,1,1,90,1,1,2,2
1283,경남,남지시장,1,1,1,1,1,1,1,100,1,1,1,2
1284,경남,대합정기시장,1,1,1,1,1,1,2,30,1,1,1,2
1285,경남,영산시장,1,2,1,1,1,1,1,80,1,1,1,2
1286,경남,이방정기시장,1,2,1,1,1,2,2,100,2,1,1,2
1287,경남,창녕상설시장,1,2,1,1,1,1,1,50,1,1,1,2
1288,경남,창녕시장,1,1,1,1,1,2,2,50,1,1,1,2
1289,경남,가술시장(대산가술시장(5일장)),1,2,1,1,1,2,2,0,2,1,2,2
1290,경남,가음정대상가,1,1,1,1,1,1,1,85,1,1,2,1
1291,경남,가음정시장,1,1,1,1,1,1,1,70,1,1,1,1
1292,경남,경민인터빌상가,1,1,1,1,1,1,1,80,1,1,2,1
1293,경남,경창상가,1,1,1,1,1,1,2,100,1,1,2,1
1294,경남,경화시장,1,1,1,1,1,1,1,100,1,1,1,1
1295,경남,구암시장,1,1,1,1,1,1,1,100,1,1,1,2
1296,경남,기산프라자,1,1,1,1,1,1,2,100,1,1,2,1
1297,경남,대동그린코아상가,1,1,1,1,1,1,2,50,1,1,2,1
1298,경남,대동씨코아상가시장,1,1,1,1,1,1,1,100,1,1,2,1
1299,경남,대동중앙상가,1,1,1,1,1,1,1,100,1,1,2,1
1300,경남,대동훼미리코아상가,1,1,1,1,1,1,1,100,1,1,2,1
1301,경남,대방덕산1차상가,1,1,1,1,1,1,2,100,1,1,2,1
1302,경남,동마산시장,1,1,1,1,1,1,1,100,1,1,1,2
1303,경남,동성올림픽타운,1,1,1,1,1,1,1,100,1,1,2,1
1304,경남,롯데종합상가,1,1,1,1,1,1,1,100,1,1,1,2
1305,경남,마산수산시장,1,1,1,1,1,1,1,80,1,1,2,2
1306,경남,마산어시장,1,1,1,1,1,1,1,70,1,1,1,2
1307,경남,마산역번개시장,1,1,1,1,1,1,1,100,1,1,1,2
1308,경남,명곡종합상가,1,1,1,1,1,1,1,100,1,1,2,1
1309,경남,명서시장,1,1,1,1,1,1,1,80,1,1,1,2
1310,경남,반송시장,1,1,1,1,1,1,2,87,1,1,1,2
1311,경남,봉곡시장,1,1,1,1,1,1,2,90,1,1,2,1
1312,경남,봉곡프라자상가,1,1,1,1,1,1,1,95,1,1,2,1
1313,경남,부림상시장,1,1,1,1,1,1,1,50,1,1,1,2
1314,경남,부림시장,1,1,1,1,1,1,1,90,1,1,1,2
1315,경남,북마산가구시장,1,1,1,1,1,1,2,100,1,1,2,2
1316,경남,북마산중앙시장,1,1,1,1,1,1,1,40,2,1,1,2
1317,경남,사파동성종합상가,1,1,1,1,1,1,2,100,1,1,1,2
1318,경남,산호시장,1,1,1,1,1,1,1,100,1,1,1,2
1319,경남,상남시장,1,1,1,1,1,1,1,100,1,1,1,1
1320,경남,서마산시장,1,1,1,1,1,1,1,100,1,1,1,2
1321,경남,석전시장,1,1,1,1,1,1,1,10,1,1,2,2
1322,경남,성원3차상가,1,1,1,1,1,1,2,90,1,1,2,1
1323,경남,성원그랜드쇼핑상가,1,1,1,1,1,1,1,100,1,1,2,1
1324,경남,소계시장,1,1,1,1,1,1,2,70,1,1,1,2
1325,경남,소계옛길시장,1,1,1,1,1,1,2,50,2,1,2,2
1326,경남,소답시장,1,1,1,1,2,2,2,50,1,1,2,2
1327,경남,신마산반월시장(반월시장),1,1,1,1,1,1,1,100,1,1,1,2
1328,경남,신마산시장,1,1,1,1,1,1,1,100,1,1,1,2
1329,경남,신촌시장(북면신촌시장(5일장)),1,2,1,1,2,2,2,50,2,1,2,2
1330,경남,양곡종합상가,1,1,1,1,1,1,2,100,1,1,2,2
1331,경남,양덕중앙시장,1,1,1,1,1,1,2,70,1,1,1,2
1332,경남,역전통합시장,1,1,1,1,1,1,2,100,2,1,2,2
1333,경남,웅천시장,1,2,1,2,2,2,2,60,2,1,1,2
1334,경남,월영대시장,1,1,1,1,1,1,2,100,2,1,2,2
1335,경남,유신종합상가,1,1,1,1,1,1,2,100,1,1,2,2
1336,경남,정우새어시장,1,1,1,1,1,1,1,85,1,1,1,2
1337,경남,중앙시장(창원중앙시장),1,1,1,1,1,2,2,70,2,1,2,2
1338,경남,지귀시장,1,1,1,1,1,1,2,100,2,1,2,2
1339,경남,진동시장,1,1,1,1,1,1,1,100,1,1,1,2
1340,경남,진동전통시장,1,1,1,1,1,1,1,100,1,1,1,2
1341,경남,진해중부시장,1,1,1,1,1,1,1,70,2,1,1,2
1342,경남,진해중앙시장,1,1,1,1,1,1,1,75,1,1,1,1
1343,경남,창원기계공구상가,1,1,1,1,1,1,1,95,1,1,2,1
1344,경남,창원도계부부시장,1,1,1,1,1,1,1,100,1,1,1,2
1345,경남,창원캔버라상가,1,1,1,1,1,1,1,95,1,1,1,1
1346,경남,창원코아상가,1,1,1,1,1,1,2,100,1,1,2,1
1347,경남,코오롱타운상가,1,1,1,1,1,1,2,90,1,1,2,1
1348,경남,토월복합상가시장,1,1,1,1,1,1,1,100,1,1,2,1
1349,경남,합성동상가,1,1,1,1,1,1,1,90,1,1,2,2
1350,경남,합성옛길시장,1,1,1,1,1,1,2,100,1,2,2,2
1351,경남,회성종합시장,1,1,1,1,1,1,1,100,1,1,1,2
1352,경남,합성대로상가,1,2,1,2,2,2,2,70,2,2,2,2
1353,경남,북신전통시장,1,1,1,1,1,1,1,90,1,1,1,2
1354,경남,서호전통시장,1,1,1,1,1,1,1,50,1,1,1,2
1355,경남,통영중앙전통시장,1,1,1,1,1,1,1,60,1,1,1,2
1356,경남,계천공설시장(계천시장),1,1,1,1,1,1,1,100,1,1,1,2
1357,경남,북천공설시장,1,1,1,1,1,1,2,100,2,1,1,2
1358,경남,옥종공설시장,1,2,1,1,1,1,2,100,1,1,1,2
1359,경남,진교공설시장,1,1,1,1,1,1,1,100,1,1,1,2
1360,경남,하동공설시장,1,1,1,1,1,1,1,100,1,1,1,2
1361,경남,횡천공설시장(횡천시장),1,1,1,1,1,1,1,100,1,1,1,2
1362,경남,가야상설시장(가야시장),1,1,1,1,1,1,1,80,1,1,1,2
1363,경남,군복공설시장,1,2,1,1,1,2,1,0,2,1,1,2
1364,경남,대산공설시장,1,1,1,1,1,1,2,0,2,1,1,2
1365,경남,칠원공설시장,1,1,1,1,1,1,1,100,2,1,1,2
1366,경남,마천전통시장,1,1,1,1,1,1,2,100,1,1,2,2
1367,경남,안의시장,1,1,1,1,1,1,2,100,2,1,2,2
1368,경남,지리산함양시장,1,1,1,1,1,1,1,70,1,1,1,2
1369,경남,함양토종약초시장,1,1,1,1,1,1,1,100,1,1,2,2
1370,경남,가야시장,1,2,1,1,1,1,2,100,1,1,1,2
1371,경남,삼가시장,1,1,1,1,1,1,1,70,1,1,1,2
1372,경남,야로시장,1,2,1,1,1,2,2,100,1,1,1,2
1373,경남,초계시장,1,1,1,1,1,1,1,100,1,1,1,2
1374,경남,합천시장,1,1,1,1,1,1,1,100,1,1,1,2
1375,제주,고성오일시장,1,1,1,1,1,1,1,10,1,1,1,2
1376,제주,대정오일시장,1,1,1,1,1,1,1,10,1,1,2,2
1377,제주,서귀포매일올레시장,1,1,1,1,1,1,1,100,1,1,1,2
1378,제주,서귀포향토오일시장,1,1,1,1,1,1,1,90,1,1,1,2
1379,제주,중문오일시장,1,2,1,1,2,2,2,15,2,1,1,2
1380,제주,표선오일시장,1,1,1,1,1,2,2,90,1,1,1,2
1381,제주,도남시장,1,1,1,1,1,1,1,70,1,1,2,2
1382,제주,동문시장(주),1,1,1,1,1,1,1,10,1,1,1,2
1383,제주,보성시장,1,1,1,1,1,1,1,100,1,1,2,1
1384,제주,세화오일시장,1,1,1,1,1,1,2,0,1,1,1,2
1385,제주,신산시장,1,1,1,1,1,1,2,90,1,1,2,2
1386,제주,제주동문수산시장,1,1,1,1,1,1,1,70,1,1,1,2
1387,제주,제주시동문공설시장,1,1,1,1,1,1,1,100,1,1,1,1
1388,제주,제주시동문재래시장,1,1,1,1,1,1,1,100,1,1,1,2
1389,제주,제주시민속오일시장,1,1,1,1,1,1,1,50,1,1,1,2
1390,제주,제주시서문공설시장,1,1,1,1,1,1,1,95,1,1,1,2
1391,제주,제주칠성로상점가(칠성로상점가),1,1,1,1,1,1,1,100,1,1,1,2
1392,제주,중앙로상점가,1,1,1,1,1,1,1,0,1,1,1,2
1393,제주,한림매일시장,1,1,1,1,1,1,1,100,1,1,1,2
1394,제주,한림민속오일시장(한림오일시장),1,1,1,1,1,1,1,100,1,1,1,2
1395,제주,함덕오일시장,1,2,1,1,1,1,1,0,1,1,2,2
1396,세종,세종대평시장,1,1,1,1,1,1,1,80,1,1,1,2
1397,세종,부강전통시장,1,2,1,1,1,1,2,70,1,1,1,2
1398,세종,세종전통시장,1,1,1,1,1,1,1,90,1,1,1,2
1399,세종,전의왕의물시장,1,2,1,1,1,2,1,90,2,1,2,2
1400,서울,강남개포시장,1,1,1,1,1,1,1,90,1,1,2,1
1401,서울,은마 종합상점가,1,1,1,1,1,1,1,98,1,1,2,2
1402,서울,강남역지하도상점가,1,1,1,1,1,1,1,100,1,1,2,2
1403,서울,로데오거리상점가,1,1,1,1,1,1,2,100,1,1,2,2
1404,서울,장신구거리상점가,1,1,1,1,1,1,2,90,1,1,1,1
1405,서울,송화벽화시장,1,1,1,1,1,1,2,100,1,1,1,2
1406,서울,삼성동시장,1,1,1,1,1,1,1,100,2,1,1,2
1407,서울,서원동상점가,1,1,1,1,1,1,1,100,1,2,2,2
1408,서울,대명여울빛거리시장,1,1,1,1,1,1,1,60,1,1,1,2
1409,서울,독산동우시장,1,1,1,1,1,1,2,0,1,1,2,1
1410,서울,독산동맛나는거리상점가,1,2,1,1,2,1,2,100,2,2,2,2
1411,서울,사당1동 먹자골목 상점가,1,1,1,1,2,2,2,50,2,2,2,2
1412,서울,도화동상점가,1,2,1,1,2,1,2,100,2,1,2,1
1413,서울,상암동상점가,1,1,1,1,1,1,1,90,2,1,2,2
1414,서울,용강동상점가,1,1,1,1,1,1,2,95,1,1,2,2
1415,서울,홍대걷고싶은거리상점가,1,1,1,1,1,1,1,100,1,2,2,2
1416,서울,뚝섬역상점가,1,1,1,1,1,1,2,100,2,2,2,2
1417,서울,왕십리도선동상점가,1,1,1,1,1,1,1,100,1,1,1,1
1418,서울,한양대앞상점가,1,1,1,1,1,1,1,100,1,1,1,1
1419,서울,행당시장,1,2,1,1,1,1,1,100,2,1,1,2
1420,서울,무학봉상점가,1,2,1,1,1,2,2,55,2,2,2,2
1421,서울,문정동로데오상점가,1,2,1,1,2,2,2,100,1,1,2,2
1422,서울,남서울상가,1,1,1,1,1,1,2,100,1,1,2,2
1423,서울,로타리상가,1,1,1,1,1,1,1,100,1,1,2,2
1424,서울,영등포시장기계공구상가,1,2,2,1,1,2,2,100,2,1,2,2
1425,서울,영등포전통시장,1,2,1,1,2,2,1,100,1,1,1,2
1426,서울,영등포제일상가,1,1,1,1,1,1,1,50,2,1,1,2
1427,서울,우리시장,1,2,2,1,2,1,2,100,2,1,1,2
1428,서울,영등포청과시장,1,2,1,1,2,2,2,100,2,1,2,2
1429,서울,연신내상점가,1,2,1,1,2,2,2,100,2,2,2,2
1430,서울,동대문문구완구거리,1,1,1,1,1,1,2,100,1,2,2,2
1431,서울,세운상가가동,1,1,1,1,1,1,1,100,1,1,2,1
1432,서울,세종마을음식문화거리,1,2,1,1,1,2,2,100,1,1,2,2
1433,서울,종로광장전통시장,1,1,1,1,1,1,1,100,1,1,1,2
1434,서울,창신골목시장,1,2,1,1,1,1,2,80,1,1,2,2
1435,서울,동묘시장,1,1,1,2,2,2,2,100,1,2,2,2
1436,서울,방산시장,1,2,1,1,2,2,2,100,2,2,2,1
1437,서울,인현시장,1,1,1,1,2,1,2,100,1,2,2,2
1438,서울,청계천공구상가,1,1,1,1,1,1,2,90,1,2,2,2
1439,부산,부산좌천동가구상가,1,2,2,1,2,2,2,100,2,1,2,2
1440,부산,구포역세권상점가,1,2,1,1,2,2,2,100,2,2,2,2
1441,부산,연산 골목시장 상점가,1,2,1,1,1,1,1,100,1,1,2,2
1442,부산,연산1동골목상점가,1,2,1,1,1,1,2,100,2,1,1,2
1443,부산,연일골목시장상점가,1,1,1,1,1,1,1,100,1,1,1,2
1444,대구,성서아울렛상점가(가로형),1,2,1,1,1,2,2,100,1,1,2,2
1445,대구,신내당시장상점가,1,2,1,1,2,2,2,100,1,1,1,2
1446,대구,두류젊음의광장,1,2,2,2,2,2,2,100,1,2,2,2
1447,대구,남산동 자동차 골목 상점가,1,2,1,1,1,2,2,100,1,2,2,2
1448,대구,대구패션쥬얼리특구,1,1,1,1,1,1,1,100,1,1,2,2
1449,대구,동성로상점가,1,2,1,1,2,2,2,99,1,1,2,2
1450,대구,서문시장 아진상가 상점가,1,2,1,2,2,1,1,100,1,1,1,2
1451,대구,교동시장1길 상점가,1,2,1,1,2,2,2,80,1,1,1,2
1452,인천,남동산업용품상가,1,1,1,1,1,1,2,100,1,1,2,2
1453,인천,테마의거리상점가,1,1,2,1,2,2,2,95,1,2,2,1
1454,인천,개항누리길상점가,1,1,1,1,1,1,1,80,1,1,2,2
1455,광주,전자의거리,1,1,1,1,1,1,2,100,1,1,2,1
1456,광주,조대 장미의 거리,1,1,1,1,2,2,2,100,1,1,2,2
1457,광주,충장로상점가,1,2,1,1,2,2,2,100,2,1,2,2
1458,광주,건축자재의거리,1,2,1,1,2,2,2,100,2,1,2,2
1459,광주,공구의거리,1,2,2,1,2,2,2,100,1,1,2,2
1460,광주,자동차의거리,1,2,1,1,1,2,2,100,1,1,1,2
1461,광주,패션의거리,1,2,2,1,2,2,2,100,2,2,2,2
1462,광주,오리요리의거리,1,2,2,2,2,2,2,100,1,2,2,2
1463,대전,송촌동 상점가,1,1,1,2,2,2,2,80,2,1,2,2
1464,대전,오정동상점가,1,1,1,2,1,1,2,70,2,2,2,2
1465,대전,역전시장,1,1,1,1,2,2,2,58,2,1,2,2
1466,대전,홍도동상점가,1,2,2,1,2,2,2,95,2,2,2,2
1467,대전,가수원상점가,1,2,1,1,2,2,2,50,1,1,2,2
1468,대전,둔산3동상점가,1,2,1,1,1,1,2,90,1,1,2,2
1469,대전,문화예술의거리대흥동상점가,1,1,1,1,1,1,1,100,2,1,2,2
1470,대전,오류동특화거리상점가,1,1,1,1,1,2,2,90,1,1,2,2
1471,대전,은행동상점가상인회(명칭변경),1,1,1,1,1,1,2,90,1,1,1,2
1472,대전,중촌동맞춤거리상점가,1,2,2,2,2,2,2,10,1,2,2,2
1473,대전,충무자동차거리상점가,1,2,1,2,2,2,2,30,2,1,2,2
1474,울산,삼산웨딩거리상점가,1,1,1,1,1,1,2,50,1,1,2,2
1475,울산,동울산시장상점가,1,2,1,1,1,1,2,100,2,1,2,2
1476,울산,전하시장상점가,1,2,1,1,1,2,2,100,2,1,2,2
1477,울산,언양알프스시장,1,1,1,1,1,1,1,100,1,1,1,2
1478,울산,보세거리,1,1,1,1,1,1,1,50,1,2,1,2
1479,울산,젊음의거리,1,1,1,1,1,1,1,90,1,2,1,2
1480,울산,중앙길(문화의거리)상가,1,2,2,1,2,2,2,100,2,1,2,2
1481,울산,태화십리대밭먹거리단지,1,1,1,1,1,1,2,100,1,1,2,2
1482,울산,학성가구거리,1,2,1,2,2,2,2,100,2,1,2,2
1483,경기,설악리 신천리 상점가,1,2,2,1,2,2,2,80,2,1,2,2
1484,경기,삼송상점가,1,2,2,2,2,2,2,100,2,2,2,2
1485,경기,덕이동로데오메인타운,1,2,1,1,1,1,2,100,1,1,2,2
1486,경기,일산서문상점가,1,1,1,1,1,2,1,100,1,1,1,2
1487,경기,산본로데오거리상점가,1,1,1,1,1,1,2,100,1,1,2,1
1488,경기,신중동문화거리,1,1,1,2,1,2,2,100,1,2,2,2
1489,경기,권선가구거리상점가,1,1,1,1,1,1,1,100,2,2,2,1
1490,경기,매산로테마거리상점가,1,1,1,1,1,1,2,100,1,2,2,1
1491,경기,신천동 문화의거리 ,1,1,2,1,1,1,2,80,1,2,1,1
1492,경기,선부광장로,1,1,1,1,1,1,1,100,1,1,2,1
1493,경기,예술광장로 상점가,1,1,2,1,1,1,2,30,2,1,2,2
1494,경기,도리섬상점가,1,1,1,2,1,1,2,80,2,2,2,1
1495,경기,한대앞역상점가,1,1,1,1,1,1,1,100,1,2,2,1
1496,경기,안양1번가,1,1,1,1,1,1,2,30,1,1,2,2
1497,경기,평촌1번가,1,1,1,1,1,1,1,100,1,1,1,1
1498,경기,평촌역상가,1,1,1,1,1,1,1,100,1,1,1,1
1499,경기,먹자골음식문화의거리(창동먹자골상점가),1,2,1,1,2,2,2,99,1,1,1,2
1500,경기,여주한글시장(여주중앙로상점가),1,1,1,1,1,1,1,100,1,1,2,2
1501,경기,녹색거리상점가,1,1,1,1,1,1,2,100,2,1,2,2
1502,경기,운정가구타운 상점가,1,1,1,2,1,2,2,100,2,2,2,2
1503,경기,고모3리상점가,1,2,2,2,2,2,2,70,2,1,2,2
1504,경기,하남시동석바대시장상점가,1,2,2,2,2,2,2,30,2,2,2,2
1505,경기,하남시서석바대시장상점가,1,2,1,2,2,2,2,100,2,2,2,2
1506,경기,능동상가,1,1,1,1,1,1,1,100,1,1,2,1
1507,경기,동탄상가,1,1,2,1,1,1,1,100,1,1,2,1
1508,경기,병점중심상가,1,2,1,1,1,1,1,100,2,2,2,2
1509,경기,반월제일현대상가,1,1,1,1,1,1,1,100,1,1,2,1
1510,강원,설악로데오거리상점가,1,1,1,2,2,2,2,100,2,1,2,1
1511,강원,요선시장,1,1,2,2,2,1,2,50,2,1,2,2
1512,강원,인공폭포상가,1,1,1,2,1,1,1,50,1,2,2,2
1513,충북,부강상가시장,1,1,1,1,1,1,2,100,1,1,2,1
1514,충북,청주성안길상점가,1,1,1,1,1,1,1,80,1,1,1,1
1515,충남,금암동상점가,1,1,1,1,1,1,1,100,1,1,2,1
1516,충남,엄사상점가,1,1,1,1,2,2,2,100,1,1,2,1
1517,충남,금산중앙로상점가,1,2,1,2,1,1,2,100,1,2,2,2
1518,충남,당진원시가지상가가활성구역,1,1,1,1,1,1,1,100,1,1,2,2
1519,충남,합덕중앙상점가,1,1,1,1,1,1,1,40,1,1,1,2
1520,충남,명동대흥로상점가,1,1,1,1,2,1,1,5,2,1,2,2
1521,충남,천안신부문화거리상점가,1,1,1,1,1,1,1,99,2,1,2,1
1522,충남,명동상점가,1,1,1,2,1,2,2,60,1,1,2,2
1523,전북,삼례상점가,1,2,1,1,2,2,2,100,1,1,2,2
1524,전북,원광온누리상점가,1,1,1,1,1,1,2,100,1,2,2,2
1525,전북,오수상점가,1,1,1,1,1,2,2,20,1,1,2,2
1526,전북,전북대대학로상점가,1,1,2,1,1,1,2,95,1,2,2,2
1527,전북,전주동문상점가,1,1,1,1,1,1,1,100,1,1,2,2
1528,전북,전주전자상가(전주기린로전자상가),1,2,2,1,2,2,2,100,2,1,2,2
1529,전북,전주풍남문상점가,1,2,1,1,1,1,1,100,1,1,2,2
1530,전북,새암로상점가,1,2,1,1,1,1,1,100,2,1,2,2
1531,전북,정읍산외한우마을,1,1,1,1,1,1,1,100,1,1,2,2
1532,전북,중앙로상점가,1,2,2,2,1,1,1,100,1,1,2,2
1533,전남,금빛상점가,1,2,1,1,2,2,2,100,1,2,2,2
1534,전남,남내상점가 (구 나주상가),1,2,1,1,2,2,2,100,1,2,2,2
1535,전남,순천문화의거리 금꽃예술촌상인회,1,1,1,1,1,1,1,100,1,1,2,2
1536,전남,순천대1번가상가,1,1,1,1,1,1,1,100,1,1,1,2
1537,전남,여수진남상가,1,1,1,1,1,1,1,100,1,1,2,2
1538,경북,경산시중앙상점가,1,2,1,2,2,2,2,60,1,2,2,2
1539,경북,충효상점가,1,2,1,1,2,2,2,50,1,1,2,2
1540,경북,황성상점가,1,2,1,1,1,2,2,50,1,1,2,2
1541,경북,부곡맛고을상가,1,1,1,1,2,1,2,95,1,1,2,2
1542,경북,안동남서상점가,1,2,2,2,2,2,2,80,1,1,2,2
1543,경북,안동중앙문화의거리상점가,1,1,1,1,1,1,2,100,1,1,2,2
1544,경북,풍기인삼홍삼상점가,1,1,1,1,1,1,1,100,1,1,1,2
1545,경남,김해중앙상가,1,1,1,1,1,1,1,100,2,2,1,2
1546,경남,로데오거리상점가,1,1,1,1,1,1,2,90,1,1,2,2
1547,경남,진주중앙상점가,1,1,1,1,2,2,2,90,1,2,2,2
1548,경남,진주청과상점가,1,2,2,1,2,2,2,100,1,2,2,2
1549,경남,수남상가,1,1,1,1,1,1,1,100,1,2,1,2
1550,경남,오동동상점가,1,1,1,1,1,1,2,70,1,1,2,2
1551,경남,창동통합상가,1,1,1,1,1,1,1,100,1,1,1,2
1552,경남,정우상가,1,1,1,1,1,1,2,100,1,1,2,1
1553,경남,지귀상가,1,1,1,1,1,1,2,50,1,1,2,2
1554,경남,충무데파트,1,1,1,1,1,1,1,2,1,1,1,1
1555,제주,이중섭거리 명동로상가,1,2,1,2,2,2,2,100,1,1,2,2
1556,제주,중정로상가,1,2,2,1,2,2,2,80,2,2,2,2
1557,서울,㈜고투몰 상인회,1,1,1,1,1,1,1,100,1,1,2,1
1558,서울,영등포로타리지하상가,1,1,1,1,1,1,1,100,1,1,2,1
1559,서울,영등포시장지하도상점가,1,1,1,1,1,1,1,100,1,1,2,1
1560,서울,영등포역지하도상가,1,1,1,1,1,1,1,100,1,1,2,1
1561,서울,동대문지하쇼핑센터,1,1,1,1,1,1,1,100,1,1,2,2
1562,서울,마전교지하쇼핑센터,1,1,1,1,1,1,1,100,1,1,2,2
1563,서울,종각지하쇼핑센터,1,1,1,1,1,1,1,100,1,1,2,2
1564,서울,종로4가지하쇼핑센터,1,1,1,1,1,1,1,95,1,1,2,2
1565,서울,종오지하쇼핑센터,1,1,1,1,1,1,1,100,1,1,2,1
1566,서울,남대문로지하상가,1,1,1,1,1,1,1,100,1,1,2,2
1567,서울,명동역지하쇼핑센터,1,1,1,1,1,1,1,100,1,1,2,1
1568,서울,소공지하도상가,1,1,1,1,1,1,1,100,1,1,2,2
1569,서울,시청광장지하도상가,1,1,1,1,1,1,1,100,2,1,2,2
1570,서울,청계5가지하쇼핑센터,1,1,1,1,1,1,1,100,1,1,2,2
1571,서울,청계6가지하쇼핑센타,1,1,1,1,1,1,1,100,1,1,2,2
1572,부산,부산역지하도상가,1,1,1,1,1,1,1,0,1,1,2,2
1573,부산,서면지하도상가 서면몰,1,1,1,1,1,1,2,0,1,1,1,2
1574,부산,서면지하상가 부전몰,1,1,1,1,1,1,2,0,1,1,2,2
1575,부산,덕천지하상가(태아쇼핑),1,1,1,1,1,1,1,10,1,1,2,1
1576,부산,광복지하도상가,1,1,1,1,1,1,2,0,1,1,2,1
1577,부산,국제지하도상가,1,1,1,1,1,1,1,80,1,1,2,2
1578,부산,남포지하도상가,1,1,1,1,1,1,1,100,1,1,2,1
1579,대구,두류1번가,1,1,1,1,1,1,1,100,1,1,2,2
1580,대구,대신지하상가,1,1,1,1,1,1,1,100,1,1,2,1
1581,대구,대현프리몰,1,1,1,1,1,1,1,100,1,1,1,1
1582,대구,메트로센터(반월당지하쇼핑),1,1,1,1,1,1,1,80,1,1,2,1
1583,대구,메트로프라자,1,1,1,1,1,1,1,98,1,1,1,1
1584,인천,석바위지하도상가,1,1,1,1,1,1,1,100,1,1,2,2
1585,인천,주안시민지하상가,1,1,1,1,1,1,1,100,1,1,2,1
1586,인천,주안역지하상가,1,1,1,1,1,1,1,100,1,1,1,1
1587,인천,배다리전통공예지하상가,1,1,1,1,1,1,1,100,1,1,2,2
1588,인천,부평대아지하상가,1,1,1,1,1,1,1,100,1,1,2,2
1589,인천,부평역지하상가,1,1,1,1,1,1,1,100,1,1,2,1
1590,인천,부평중앙지하상가,1,1,1,1,1,1,1,100,1,1,2,1
1591,인천,신부평지하상가,1,1,1,1,1,1,1,95,1,1,2,1
1592,인천,새동인천지하상가,1,1,2,1,1,1,2,80,1,1,2,2
1593,인천,새인현지하상가,1,1,1,1,1,1,1,99,1,1,2,2
1594,인천,신포지하상가,1,1,1,1,1,1,1,100,1,1,1,2
1595,인천,중앙로지하상가,1,1,1,1,1,1,1,100,1,1,2,2
1596,광주,금남로지하상가,1,1,1,1,1,1,1,100,2,1,2,1
1597,광주,충금지하상가,1,1,1,1,1,1,1,100,1,1,2,2
1598,광주,금남지하도상가,1,1,1,1,1,1,1,100,2,1,2,1
1599,대전,역전지하상가,1,1,1,1,1,1,2,100,1,1,2,1
1600,대전,중앙로지하상가,1,1,1,1,1,1,1,100,1,1,1,1
1601,경기,부천역지하도상가,1,1,1,1,1,1,2,100,1,1,2,1
1602,경기,성남중앙지하시장,1,1,1,1,1,1,1,100,2,1,2,1
1603,경기,역전지하도상가,1,1,1,1,1,1,2,100,1,1,1,1
1604,경기,안양1번가지하쇼핑몰,1,1,1,1,1,1,1,100,1,1,2,1
1605,경기,안양중앙지하상가,1,1,1,1,1,1,2,100,1,1,2,1
1606,경기,의정부역지하상가,1,1,1,1,1,1,1,100,1,1,2,1
1607,강원,원주 중앙로문화의거리,1,1,1,1,1,1,1,80,1,1,2,2
1608,강원,춘천지하상가,1,1,1,1,1,1,1,90,1,1,2,1
1609,충남,천안역지하상가,1,1,1,1,1,1,1,100,1,1,2,1
1610,전남,순천씨내몰상가,1,1,1,1,1,1,1,100,1,1,2,2
1611,경남,진주중앙지하도상가 에나몰,1,1,1,1,1,1,1,100,1,1,2,1
1612,경남,대현프리몰,1,1,1,1,1,1,1,1,1,1,2,1
1613,경남,부림지하시장,1,1,1,1,1,1,1,100,1,1,2,1
1614,제주,제주중앙지하상가,1,1,1,1,1,1,2,20,1,1,1,2
1615,경기,청평여울시장,1,2,1,1,1,1,1,70,1,1,2,1
1616,경기,모란전통기름시장,1,2,2,2,2,2,2,90,2,2,2,2
1617,경기,중부농수산물시장,1,1,1,2,1,2,1,100,2,1,2,2
1618,경기,엄상동마을상점가,1,1,1,2,1,1,1,100,1,1,2,2
1619,경기,율촌시장,2,2,2,2,2,2,2,0,2,1,2,2
1620,경기,이천중앙로상가번영회 이천상인회,1,2,1,1,1,1,2,95,1,1,2,2
1621,경기,SK하이닉스(주)상점가,1,1,1,1,1,2,1,90,1,1,2,2
1622,경기,남천 상점가,1,2,2,2,2,1,2,50,1,2,2,2
1623,경기,송정동 상점가,1,2,2,1,2,2,2,70,1,2,2,2
1624,경기,예스파크 상점가,1,1,1,1,1,1,2,100,1,1,2,1
1625,대구,대봉동웨딩거리상점가,1,2,1,1,2,1,2,100,1,1,2,1
1626,부산,부산대상점가,1,2,2,2,2,2,2,70,2,2,2,2
1627,부산,철뚝시장,1,2,1,2,2,2,2,100,1,2,2,2
1628,서울,답십리건축자재시장,1,2,1,2,2,2,2,100,2,2,2,2
1629,서울,장곡시장,1,2,1,1,2,2,2,100,1,2,2,2
1630,서울,잠실역지하쇼핑센터,1,1,1,1,1,1,1,100,1,1,2,2
1631,서울,신곡종합시장,1,2,2,1,2,2,2,100,2,1,2,2
1632,서울,신정제일시장,1,2,1,1,2,2,2,100,1,1,2,1
1633,서울,응암오거리상점가,1,2,1,1,2,1,1,100,2,2,2,2
1634,서울,증산골목시장,1,2,1,1,2,2,2,80,1,2,2,2
1635,서울,동원전통시장상점가,1,2,2,1,2,2,2,95,2,2,2,2
1636,인천,동인천지하아케이트,1,1,2,1,1,1,1,80,1,1,2,2
1637,전남,강진중앙로상가,1,2,1,1,1,1,1,100,1,2,2,2
1638,전남,나주혁신도시상가번영회,1,1,1,1,1,1,1,100,1,1,2,1
1639,제주,누웨마루거리상점가,1,1,1,1,1,1,2,100,1,1,2,2
1640,제주,한림중앙상가,1,1,1,1,1,1,1,85,1,1,1,1
1641,충남,대천항종합수산물시장,1,1,1,1,1,1,1,90,1,1,2,1
1642,충남,부여 새시장,1,2,1,1,2,1,1,100,1,2,2,2
1643,충남,광천원동시장,1,2,1,2,2,2,2,80,1,1,2,2
1644,경기,사리골 상점가,1,1,1,1,1,1,1,100,1,1,2,1
1645,경기,안산패션타운전통시장,1,1,1,1,1,1,2,100,1,1,2,1
1646,경기,안산 다농마트 전통시장,1,1,1,1,1,1,2,100,1,1,2,1
1647,경남,산호동상점가,1,2,2,2,2,2,2,100,2,2,2,2
1648,경북,풍기선비골인삼시장,1,1,1,1,1,1,1,100,1,1,2,2
1649,서울,천호공구거리상점가,1,2,2,2,2,2,2,90,2,2,2,2
1650,서울,고척골목시장상점가,1,2,2,2,2,2,2,63,1,2,2,2
1651,서울,상계역전종합상가,1,1,1,1,1,1,2,90,1,1,2,2
1652,서울,상계주공1단지(가)상가,1,2,1,1,1,1,1,99,1,1,2,2
1653,서울,시영2단지 무지개종합상가,1,2,1,1,2,2,1,0,1,1,2,2
1654,서울,시영B상가,1,1,1,1,1,1,2,99,2,1,2,2
1655,서울,쌍문역둘리상점가상인회,2,2,2,2,2,2,2,0,2,2,2,2
1656,서울,백학시장 상점가,1,2,1,2,1,2,2,100,1,2,2,2
1657,서울,청계상가,1,1,1,1,1,2,2,10,1,1,2,1
1658,서울,장미제일시장,1,2,2,1,2,2,2,60,2,1,2,2
1659,대구,북성로 상점가,1,2,2,2,2,2,2,99,1,1,2,2
1660,인천,차이나타운로상점가,1,2,2,1,1,2,2,100,1,2,2,2
1661,경기,과천상점가,1,2,2,2,1,1,2,100,1,2,2,1
1662,경기,오이도전통수산시장,1,2,1,1,1,1,2,80,1,1,2,2
1663,경기,양동쌍학시장,1,1,1,2,2,1,1,100,2,1,2,2
1664,강원,명동상점가,1,2,2,2,2,2,2,90,1,2,2,2
1665,전북,화동길 상점가,1,2,1,2,2,2,2,80,2,2,2,2
1666,전북,고산구시장상점가,1,2,2,2,2,2,2,100,2,2,2,2
1667,경북,평화로상가,1,2,1,2,2,2,2,80,1,2,2,2
1668,경북,청림시장,1,2,2,2,2,2,2,100,2,1,2,2
1669,경북,환호그린빌시장,1,2,2,2,2,2,2,90,2,1,2,2
1670,경북,광장시장 (대도오광장종합회시장),1,2,2,2,2,2,2,60,2,1,2,2
1671,경남,삼천포전통수산시장,1,1,1,1,1,1,1,20,1,1,1,2
1672,경남,석계시장,1,2,2,2,2,2,2,30,2,2,1,2
1673,서울,도곡시장,1,1,1,1,1,1,2,100,2,1,2,2
1674,경기,심곡복개천 상점가,1,2,2,2,2,2,2,70,1,2,2,2
1675,경기,원미금강 상점가,2,2,2,2,2,2,2,0,2,1,2,2
1676,경기,여주세종시장상점가,1,2,1,2,2,2,2,100,2,2,2,2
1677,경기,오학동상점가 ,1,2,2,2,2,2,2,100,2,2,2,2
1678,경기,점봉동상점가,1,2,1,2,2,2,2,100,2,2,2,1
1679,경기,가남상점가,1,2,2,2,2,2,2,98,1,2,2,2
1680,충북,제천고추시장,1,2,1,2,2,2,2,100,1,1,2,2
1681,전북,강천상가,1,1,1,1,1,1,1,100,1,1,2,2
1682,전북,연지상가번영회,1,2,2,2,1,2,2,100,1,2,2,2
1683,전남,부영3차상가번영회,1,2,1,2,1,1,1,100,1,1,2,2
1684,전남,연향2지구상가번영회,1,2,2,2,2,2,2,100,1,2,2,2
1685,전남,우석로상가번영회,1,2,2,2,2,2,2,100,2,2,2,2
1686,전남,장천동상가번영회,1,2,2,2,2,2,2,70,2,2,2,2
1687,경북,부곡시장,1,1,1,1,1,1,1,100,2,1,2,2
1688,경북,중앙시장,1,2,1,1,2,2,2,80,1,1,2,2
1689,경북,문화의거리 행복상점가,1,1,1,1,1,1,1,100,2,2,2,2
1690,경북,점촌역전상점가,1,2,2,2,2,2,2,100,1,2,2,1
1691,경북,남성시장,1,2,2,2,2,2,2,90,2,2,2,2
1692,경남,죽림상점가,1,2,2,2,2,2,2,100,2,2,2,2
1693,서울,숭인시장,1,2,1,1,1,1,2,100,1,1,2,2
1694,서울,능동로골목시장(미인정),1,2,1,1,1,1,2,100,1,2,2,2
1695,서울,쌍문시장,1,2,1,1,1,1,2,100,1,2,2,2
1696,서울,경동시장,1,1,1,1,1,1,1,80,1,1,1,1
1697,서울,동진시장,1,1,1,1,1,1,1,100,1,1,2,2
1698,서울,마포시장,1,1,1,1,1,1,1,90,1,1,2,2
1699,서울,포방터시장,1,1,1,1,1,1,1,100,1,1,2,2
1700,서울,영등포유통상가,1,1,1,1,1,1,1,100,1,1,2,1
1701,서울,광장시장,1,1,1,1,1,1,1,100,1,1,1,2
1702,서울,에리어식스(벨포스트),1,1,1,1,1,1,1,90,1,1,2,2
1703,서울,숭례문수입상가,1,1,1,1,1,1,1,30,1,1,2,2
1704,서울,청평화시장,1,1,1,1,1,1,2,100,1,1,1,1
1705,부산,대연중앙시장,1,2,1,1,1,1,2,50,2,1,2,2
1706,부산,국민시장,1,2,1,1,1,1,2,70,2,1,2,2
1707,부산,온천로터리종합시장,1,1,1,1,1,1,2,100,2,1,2,2
1708,부산,양정전통시장,1,2,2,2,2,1,2,30,2,2,2,2
1709,부산,정이있는구포시장,1,1,1,1,1,1,2,100,1,1,1,2
1710,부산,감전제일상가시장,1,2,2,1,2,2,2,10,2,1,2,2
1711,부산,고려쇼핑센터,1,2,2,2,1,1,2,60,1,1,2,1
1712,부산,부산광역시철강판매협동조합,1,2,2,2,2,2,2,10,1,2,2,2
1713,부산,동방시장,1,1,1,1,1,2,2,100,1,1,2,2
1714,부산,반송시장,1,1,1,1,1,1,1,80,1,1,1,1
1715,인천,송현자유시장,1,2,1,1,1,1,1,50,1,1,2,2
1716,광주,봉선시장,1,2,1,1,1,1,2,100,1,1,1,2
1717,광주,산수시장,1,1,1,1,1,1,2,100,2,2,2,2
1718,대전,정원시장,1,1,1,1,1,1,1,100,1,1,1,2
1719,대전,용두전통시장,1,2,1,1,1,2,2,90,1,2,2,2
1720,대전,유천전통시장,1,1,1,1,1,1,1,90,2,1,1,2
1721,경기,광릉5일장,1,2,1,1,2,2,2,30,2,1,2,2
1722,경기,원미부흥시장,1,2,1,1,1,1,2,100,1,2,1,2
1723,경기,분당종합시장,1,1,1,1,1,1,1,100,1,1,2,1
1724,경기,야탑에이스코아시장,1,1,1,1,1,1,1,100,1,1,2,1
1725,경기,현대프라자시장,1,1,1,1,1,1,1,10,1,1,2,1
1726,경기,제일시장,1,2,1,1,1,1,2,80,1,1,2,2
1727,경기,연천5일장,1,2,2,1,2,2,2,0,1,1,2,2
1728,경기,용인5일장,1,1,1,1,2,2,2,40,1,1,2,2
1729,경기,의정부시장,1,1,1,1,1,1,1,100,1,1,1,2
1730,경기,봉일천시장,1,2,1,1,1,1,2,80,1,1,1,2
1731,경기,송우공설시장,1,2,1,1,1,2,2,100,1,1,1,2
1732,경기,일동공설시장,1,1,1,1,2,2,2,0,1,1,2,2
1733,강원,근덕5일장,1,1,1,1,1,1,2,100,2,1,1,2
1734,강원,도계5일장,1,2,1,1,1,1,2,10,2,1,2,2
1735,강원,도계전두시장,1,2,1,1,1,1,1,100,1,1,1,2
1736,강원,도계중앙시장,1,1,1,1,1,1,2,100,2,1,1,2
1737,강원,삼척5일장,1,1,1,1,1,2,2,90,1,1,1,2
1738,강원,호산5일장,2,2,2,2,2,2,2,0,2,1,2,2
1739,강원,호산시장,1,1,1,1,1,1,2,100,2,1,2,2
1740,강원,영월종합상가시장,1,1,1,1,1,1,1,100,1,1,1,2
1741,강원,주천정기시장,1,2,1,1,1,1,1,80,1,1,2,2
1742,강원,서화5일장,1,2,1,1,2,2,2,90,2,1,1,2
1743,강원,신남5일장,1,2,1,1,1,1,2,90,2,1,2,2
1744,강원,철암장,1,2,2,1,2,2,2,50,2,1,2,2
1745,강원,통리장,1,1,1,1,1,1,2,100,1,1,1,2
1746,충북,연풍전통시장,1,2,1,1,2,2,2,100,2,1,1,2
1747,충북,삼승원남시장(원남재래시장),1,1,1,1,1,1,2,100,1,1,1,2
1748,충북,회인재래시장,1,1,1,2,2,2,2,30,1,1,1,2
1749,충북,청산시장(청산재래시장),1,1,1,1,2,2,2,10,1,1,2,2
1750,충북,엄정내창시장,1,2,1,2,2,2,2,100,2,2,2,2
1751,충남,광시시장,1,2,1,2,1,1,1,50,1,1,2,2
1752,충남,삽교시장,1,2,1,2,2,2,2,50,2,1,2,2
1753,전북,서동시장,1,1,1,1,1,1,1,100,1,1,1,2
1754,전북,익산금마시장,1,1,1,1,1,1,1,100,1,1,1,2
1755,전북,중앙시장,1,1,1,1,1,1,1,100,1,1,1,2
1756,전남,고흥전통시장,1,1,1,1,1,1,1,100,1,1,1,2
1757,전남,동부시장,1,1,1,1,1,1,1,100,1,1,1,2
1758,전남,목포종합수산시장,1,1,1,1,1,1,2,90,1,1,1,2
1759,전남,망운전통시장,1,2,2,1,2,2,2,70,2,1,1,2
1760,전남,괴목시장,1,2,1,1,2,1,2,100,1,1,2,2
1761,전남,승주시장,1,2,1,1,2,2,2,100,2,1,2,2
1762,전남,중앙시장,1,1,1,1,1,1,1,100,1,1,2,2
1763,전남,덕양시장,1,2,1,1,2,2,2,100,2,1,2,2
1764,전남,중앙선어시장,1,1,1,1,1,1,1,100,1,1,1,2
1765,전남,노화읍5일시장,1,2,1,1,1,1,2,100,1,1,2,2
1766,전남,나산시장,1,2,1,1,2,1,2,100,1,1,1,2
1767,경남,고성시장,1,1,1,1,1,1,1,100,1,1,1,2
1768,경남,영오시장,1,2,2,1,2,2,2,10,2,1,2,2
1769,경남,구암현대시장,1,1,1,1,1,1,1,90,2,1,1,2
1770,경남,덕산그린피아상가,1,1,1,1,1,1,2,50,1,1,2,1
1771,경남,마천시장,1,2,1,1,2,2,2,20,2,1,1,2
1772,경남,북동공설시장,1,1,1,1,1,1,2,50,1,1,1,1
1773,경남,화개장터,1,1,1,1,1,1,1,70,1,1,2,2
1774,제주,모슬포중앙시장,1,1,1,1,1,1,1,100,1,1,1,2
1775,서울,충신시장,1,2,2,2,2,2,2,60,1,2,2,2
1776,부산,반송1번가,1,2,1,1,2,2,2,80,1,2,2,2
1777,광주,나무전거리,1,2,2,1,2,2,2,80,1,2,2,2
1778,광주,지산유원지,1,2,2,2,2,2,2,100,2,1,2,2
1779,경기,여주375아울렛상점가,1,2,2,1,2,2,2,100,1,1,2,1
1780,경기,로데오거리상점가,1,2,1,2,2,2,2,100,1,1,2,2
1781,경기,북광장상가,1,1,1,1,1,1,1,80,1,1,1,2
1782,강원,육림고개 상점가,1,2,1,1,2,2,2,90,1,1,2,2
1783,강원,황지시장상점가,1,2,1,1,1,1,2,100,1,1,1,2
1784,충남,배방상점가,1,2,2,2,2,2,2,100,1,2,2,2
1785,충남,두정동상점가,1,1,1,1,1,1,2,80,2,2,2,1
1786,전북,그린상점가,1,1,1,1,1,1,2,30,1,2,2,2
1787,전남,금당상가,1,2,1,1,1,2,2,90,1,1,2,2
1788,전남,연향패션상가,1,1,1,1,1,1,2,100,1,1,2,2
1789,전남,왕지상가,1,1,1,1,2,2,2,100,1,1,2,2
1790,전남,중앙시민로상점가,1,2,1,1,2,2,2,100,1,2,1,2
1791,서울,명동지하쇼핑센터,1,1,1,1,1,1,1,40,1,1,2,2
1792,서울,을지로지하쇼핑센터,1,1,1,1,1,1,1,100,1,1,1,2
1793,서울,을지입구지하쇼핑센터,1,1,1,1,1,1,1,100,1,1,2,2
1794,서울,회현지하쇼핑센터,1,1,1,1,1,1,1,100,1,1,2,2
1795,부산,남포역S지하상가,1,1,1,1,1,1,1,100,1,1,2,1
1796,인천,제물포지하상가,1,1,1,1,1,1,2,100,1,1,2,2
1797,경기,금곡홍유릉상점가,1,2,1,2,2,2,2,50,2,2,2,2
1798,경기,구갈상점가,1,1,2,1,1,2,2,99,2,2,2,2
1799,서울,합정시장,1,2,2,2,2,2,2,30,1,1,2,2
1800,전남,주암시장,1,1,1,2,2,2,2,50,1,1,1,2
1801,서울,신촌 상점가,1,1,2,2,2,2,2,30,1,1,2,2
1802,서울,엔터식스 강남점,1,1,1,1,1,1,1,30,1,1,2,1
1803,경기,중앙동상점가,1,1,1,1,1,2,2,30,1,2,2,2
1804,경기,덕소상점가,1,2,2,2,2,2,2,30,1,2,2,2
1805,경기,맷돌모루상점가,1,1,1,2,2,2,2,30,1,2,2,2
1806,경기,강변상점가,1,1,1,2,2,2,2,30,1,2,2,2
1807,강원,중앙로 상점가 ,1,1,1,2,2,2,2,30,1,2,2,2
1808,서울,대일상가(낙원지하상가),1,1,1,1,1,2,2,80,1,1,2,2
1809,서울,Team204,1,1,1,1,1,1,1,30,1,1,2,1
1810,경기,터미널상점가,1,2,1,2,2,2,2,80,1,2,2,2
1811,전남,흥국상가,1,2,1,2,2,2,2,80,1,2,2,2
