시도,구시군,시장명,시장주소,2010_개설주기,2010_등록_인정 여부,2010_영업점포,2010_공동화장실 보유여부,2010_고객 주차장 보유여부
서울,종로구,종로광장전통시장,서울 종로구 예지동 6-1,상설,등록,1204,보유,미보유
서울,종로구,동대문종합시장,서울 종로구 종로6가 289-42,상설,등록,4009,보유,보유
서울,금천구,대명합동시장(대명시장 및 주변상점가),서울 금천구 시흥본동 885-4,상설,등록,120,보유,미보유
서울,종로구,동대문종합시장D동상가,서울 종로구 종로6가 270-3,상설,등록,1145,보유,미보유
서울,종로구,동문시장,서울 종로구 창신동 437,상설,등록,300,보유,미보유
서울,종로구,신설종합시장,서울 종로구 숭인동 206-9,상설,등록,145,보유,미보유
서울,종로구,종로신진시장,서울 종로구 종로5가 225-21,상설,인정,56,보유,미보유
서울,종로구,통인시장,서울 종로구 통인동 44,상설,인정,76,보유,미보유
서울,종로구,한일상가,서울 종로구 종로5가 314-7,상설,인정,230,보유,보유
서울,중구,신중부시장,서울 중구 오장동 44-12,상설,인정,256,미보유,미보유
서울,중구,광희시장,서울 중구 신당동 777,상설,등록,760,보유,보유
서울,중구,남평화시장,서울 중구 신당1동 772,상설,등록,676,보유,보유
서울,중구,동화시장,서울 중구 을지로6가 17-415,상설,등록,936,보유,보유
서울,중구,방산종합시장,서울 중구 주교동 19-1,상설,등록,1032,보유,보유
서울,중구,서울남대문시장,서울 중구 남창동 49,상설,등록,5200,보유,미보유
서울,중구,서울중앙시장,서울 중구 황학동 409,상설,등록,445,미보유,미보유
서울,중구,삼익패션타운,서울 중구 남창동 5,상설,등록,1055,보유,보유
서울,중구,에리어식스,서울 중구 신당동 776,상설,등록,250,보유,보유
서울,중구,제일평화시장,서울 중구 신당동 775,상설,등록,850,보유,보유
서울,중구,중부시장,서울 중구 오장동 139-11,상설,등록,856,보유,미보유
서울,중구,청평화시장,서울 중구 신당동 217-91,상설,등록,1107,보유,보유
서울,중구,통일시장,서울 중구 을지로6가 17-415,상설,등록,670,보유,미보유
서울,중구,평화시장,서울 중구 을지로6가 17-415,상설,등록,2025,보유,미보유
서울,용산구,만리시장,서울 용산구 서계동 260-1,상설,등록,31,보유,미보유
서울,용산구,보광시장,서울 용산구 보광동 260-8,상설,등록,21,보유,보유
서울,용산구,이태원시장,서울 용산구 이태원동 56-9,상설,등록,74,보유,미보유
서울,성동구,금남시장,서울 성동구 금호3가326,상설,등록,110,보유,미보유
서울,성동구,뚝도시장,서울 성동구 성수2가 335-16,상설,등록,125,보유,미보유
서울,성동구,마장축산물시장,서울 성동구 마장동 510-3,상설,인정,1900,보유,보유
서울,광진구,광성시장,서울 광진구 중곡동 229-15,상설,등록,18,보유,미보유
서울,광진구,구의시장 개봉산업㈜,서울 광진구 구의2동 66-28,상설,등록,11,보유,보유
서울,광진구,노룬산골목시장,서울 광진구 자양4동 44-12,상설,인정,36,보유,미보유
서울,광진구,노룬산시장,서울 광진구 자양4동 44-2,상설,등록,22,보유,미보유
서울,광진구,신성종합시장,서울 광진구 중곡동 79-13,상설,등록,22,보유,미보유
서울,광진구,영동교골목시장,서울 광진구 자양4 246-111,상설,인정,102,미보유,미보유
서울,광진구,자양골목시장,서울 광진구 자양1동 612-28,상설,인정,137,미보유,보유
서울,광진구,조양시장,서울 광진구 자양4동 6-20,상설,등록,24,보유,미보유
서울,광진구,중곡제일골목시장,서울 광진구 중곡동 229-241,상설,인정,140,미보유,보유
서울,광진구,중곡제일시장무림기업(주),서울 광진구 중곡1동 229-5,상설,등록,10,보유,미보유
서울,광진구,자양종합시장,서울 광진구 자양동 602,상설,등록,10,보유,미보유
서울,동대문구,서울약령시장,서울 동대문구 제기동 1126-5 일대,상설,인정,1041,미보유,미보유
서울,동대문구,이경시장,서울 동대문구 휘경동 151-3,상설,등록,58,보유,보유
서울,동대문구,경동광성상가,서울 동대문구 제기동 849,상설,인정,85,보유,미보유
서울,동대문구,경동시장,서울 동대문구 제기동 1018,상설,등록,620,보유,보유
서울,동대문구,답십리현대시장,서울 동대문구답십리동 14,상설,인정,110,미보유,미보유
서울,동대문구,동부시장,서울 동대문구 답십리동 495-1,상설,등록,38,보유,보유
서울,동대문구,동서시장,서울 동대문구 제기동 650,상설,등록,58,보유,미보유
서울,동대문구,이문제일시장,서울 동대문구 이문동 250-1 외 4필지,상설,등록,19,보유,미보유
서울,동대문구,전곡시장,서울 동대문구 장안동 108-5,상설,등록,20,보유,보유
서울,동대문구,제기시장,서울 동대문구 제기동 135-90,상설,등록,12,보유,보유
서울,동대문구,청량리전통시장,서울 동대문구 청량리동 777,상설,인정,70,미보유,미보유
서울,동대문구,청량리종합시장,서울 동대문구 제기동 998,상설,인정,105,미보유,보유
서울,동대문구,청량리청과물시장,서울 동대문구 제기동 635,상설,인정,185,보유,미보유
서울,동대문구,용두시장,서울 동대문구 용두동 231-5호,상설,등록,12,보유,미보유
서울,동대문구,전농로터리시장,서울 동대문구 전농동295-52,상설,등록,84,보유,미보유
서울,중랑구,동부(골목)시장,서울 중랑구 상봉2동 130-157,상설,인정,159,미보유,미보유
서울,중랑구,동원골목시장,서울 중랑구 면목13동 130-1,상설,인정,114,미보유,보유
서울,중랑구,동원시장,서울 중랑구 면목동 101-1,상설,등록,15,보유,미보유
서울,중랑구,면목등록시장,서울 중랑구 면목동 650,상설,등록,25,보유,보유
서울,중랑구,면목골목시장,서울 중랑구 면목동 352-1,상설,인정,86,미보유,미보유
서울,중랑구,우림골목시장,서울 중랑구 망우동 463-44,상설,인정,143,보유,보유
서울,중랑구,중랑교종합시장,서울 중랑구 상봉동 192-9,상설,등록,67,보유,미보유
서울,중랑구,사가정시장,서울 중랑구 면목동 472-45,상설,인정,125,미보유,미보유
서울,성북구,석관시장,서울 성북구 석관동 270-1,상설,등록,20,보유,보유
서울,성북구,길음시장,"서울 성북구 길음동 540-2,4,15, 535-8,26",상설,등록,99,보유,보유
서울,성북구,돈암제일시장,서울 성북구 동소문동 5가 59-21 일대,상설,인정,108,미보유,미보유
서울,성북구,석관황금시장,서울 성북구 석관동 279번지 일대,상설,인정,50,미보유,미보유
서울,성북구,장위골목시장,서울 성북구 장위동 68-225 일대,상설,인정,131,미보유,미보유
서울,강북구,(주)강북 종합시장,서울 강북구 수유동 179-5,상설,등록,163,보유,보유
서울,강북구,북부시장(주),서울 강북구 번동 413-3,상설,등록,37,보유,보유
서울,강북구,수유골목시장,"서울 강북구 수유1동 53,54번지 일대",상설,인정,79,미보유,미보유
서울,강북구,수유북부시장,서울 강북구 수유동 405-5,상설,등록,18,보유,보유
서울,강북구,수유시장,서울 강북구 수유동 54-5,상설,등록,107,보유,보유
서울,강북구,수유재래시장,서울 강북구 수유1동 50-77,상설,인정,112,미보유,미보유
서울,강북구,수유중앙시장,서울 강북구 수유동 32-2,상설,등록,28,보유,보유
서울,강북구,숭인시장(대갑산업(주)),서울 강북구 미아동 60-5,상설,등록,80,보유,보유
서울,강북구,우이시장,서울 강북구 수유2동270-18,상설,등록,15,보유,미보유
서울,도봉구,방학동도깨비시장,서울 도봉구 방학2동 632,상설,인정,91,미보유,보유
서울,도봉구,신도봉시장,서울 도봉구 도봉1동 611,상설,등록,19,보유,미보유
서울,도봉구,신창시장,서울 도봉구 창2동 581,상설,인정,76,미보유,미보유
서울,도봉구,창동골목시장,서울 도봉구 창3동 557,상설,인정,61,미보유,미보유
서울,노원구,공릉동도깨비시장,"서울 노원구 공릉1,3동 566-20 일대",상설,인정,119,미보유,미보유
서울,노원구,상계시장,서울 노원구 상계3동 95-3,상설,등록,32,보유,미보유
서울,은평구,갈현시장,서울 은평구 갈현동 424-16,상설,등록,28,보유,미보유
서울,은평구,대림시장,서울 은평구 응암동 754-1,상설,등록,65,보유,미보유
서울,은평구,역촌중앙시장,서울 은평구 갈현동 467-1,상설,등록,56,보유,미보유
서울,은평구,연서시장,서울 은평구 불광3동 310-131,상설,등록,88,보유,미보유
서울,은평구,제일시장,서울 은평구 대조동 14-1,상설,등록,50,보유,미보유
서울,은평구,증산종합시장,서울 은평구 증산동184-9,상설,등록,127,보유,미보유
서울,서대문구,모래내시장,서울 서대문구 남가좌동 290-2,상설,등록,50,보유,미보유
서울,서대문구,백련상가,서울 서대문구 남가좌동 345-4,상설,등록,21,보유,보유
서울,서대문구,서중시장,서울 서대문구 남가좌동 286-35,상설,등록,56,보유,미보유
서울,서대문구,(주)연희사러가,서울 서대문구 연희동 131-1,상설,등록,48,보유,보유
서울,서대문구,유진상가,서울 서대문구 홍은동 48-84,상설,등록,102,보유,미보유
서울,서대문구,인왕시장,서울 서대문구 홍제동 298,상설,등록,192,보유,미보유
서울,마포구,공덕시장,서울 마포구 공덕동 256-10.11.43.44,상설,등록,20,보유,미보유
서울,마포구,동진시장,"서울 마포구 연남동 227-15,38",상설,등록,12,보유,미보유
서울,마포구,마포시장,"서울 마포구 공덕동 256-30, 256-5",상설,등록,62,보유,미보유
서울,마포구,망원동 월드컵시장,서울 마포구 망원동 423/425/479/483,상설,인정,51,미보유,미보유
서울,마포구,망원시장,서울 마포구 망원동 411/412/414/486,상설,인정,67,미보유,보유
서울,마포구,서교시장,서울 마포구 서교동 357-1,상설,등록,19,보유,보유
서울,마포구,신촌상가,서울 마포구 노구산동 49-55,상설,등록,102,보유,미보유
서울,마포구,염리시장,서울 마포구 염리동 36-249,상설,등록,11,보유,미보유
서울,마포구,합정시장,서울 마포구 합정동 375-1,상설,등록,33,보유,미보유
서울,마포구,마포농수산물시장,서울 마포구 성산2동 533-1,상설,등록,135,보유,보유
서울,양천구,목4동시장,서울 양천구 목4동 738-1,상설,인정,73,미보유,미보유
서울,양천구,신곡종합시장,서울 양천구 신월6동 575-17,상설,등록,12,보유,보유
서울,양천구,신영시장,서울 양천구 신월1동 113번지,상설,인정,105,미보유,보유
서울,양천구,경창시장,서울 양천구 신월동 446번지,상설,인정,68,미보유,미보유
서울,양천구,양천구목2동시장,서울 양천구 목2동 526번지,상설,인정,104,미보유,미보유
서울,양천구,목3동시장(구 등촌시장),서울 양천구 목동 610-19,상설,인정,79,미보유,미보유
서울,강서구,까치산시장,서울 강서구 화곡8동 341-69,상설,인정,130,미보유,미보유
서울,강서구,대원종합시장,서울 강서구 화곡3동 1023번지,상설,등록,28,보유,보유
서울,강서구,남부골목시장,서울 강서구 화곡7동 802-19,상설,인정,165,보유,미보유
서울,강서구,방신재래시장,서울 강서구 방화동 567-23,상설,인정,95,미보유,미보유
서울,강서구,신월중앙시장,서울 강서구 화곡동 929-1,상설,등록,11,보유,보유
서울,강서구,화곡중앙골목시장,서울 강서구 화곡7동 370-37,상설,인정,69,미보유,미보유
서울,구로구,개봉중앙시장,서울 구로구 개봉동 324-1,상설,등록,24,보유,미보유
서울,구로구,구로시장,서울 구로구 구로동 736-1,상설,등록,201,보유,미보유
서울,구로구,구로자율시장,서울 구로구 구로4동 730-66,상설,인정,112,보유,미보유
서울,금천구,남문시장,서울 금천구 독산본동 984-10호,상설,인정,121,보유,보유
서울,금천구,현대시장,서울 금천구 시흥본동 848-31,상설,인정,174,미보유,미보유
서울,영등포구,(주)사러가(주)신영사러가,서울 영등포구 신길3동 254-1번지/255-9,상설,등록,57,보유,보유
서울,영등포구,대림시장,서울 영등포구 대림동 965-12,상설,등록,28,보유,보유
서울,영등포구,대림중앙시장,서울 영등포구 대림2가 1075-47,상설,인정,98,미보유,미보유
서울,영등포구,대신시장,서울 영등포구 신길1동 116-15번지,상설,등록,145,보유,미보유
서울,영등포구,도림시장,서울 영등포구 도림동 176,상설,등록,13,보유,보유
서울,영등포구,동남상가,서울 영등포구 영등포동 5가 24번지,상설,등록,73,보유,미보유
서울,영등포구,삼구시장,서울 영등포구 영등포동 5가 19번지,상설,등록,57,보유,미보유
서울,영등포구,양남시장,서울 영등포구 양평동1가 30번지,상설,등록,12,보유,미보유
서울,영등포구,영신상가(영등포시장),서울 영등포구 영등포동 5가 18번지,상설,등록,145,보유,미보유
서울,영등포구,영일시장,서울 영등포구 문래동 3가 10번지,상설,등록,248,보유,미보유
서울,영등포구,영등포기계상가,서울 영등포구 양평동1가 247번지,상설,등록,290,보유,보유
서울,동작구,강남시장,서울 동작구 상도동 488,상설,등록,21,보유,미보유
서울,동작구,사당시장,서울 동작구 사당동 318-8일대,상설,등록,22,보유,보유
서울,동작구,영도시장,서울 동작구 상도동 176-2일대,상설,등록,60,보유,보유
서울,관악구,관악종합시장,서울 관악구 신원동 1602-1,상설,등록,50,보유,미보유
서울,관악구,동방종합시장,서울 관악구 대학동 1523,상설,등록,22,보유,보유
서울,관악구,봉천제일시장(영림시장),서울 관악구 청룡동 921-1,상설,등록,25,보유,미보유
서울,관악구,봉천중앙시장,서울 관악구 중앙동 32-2,상설,등록,54,보유,보유
서울,관악구,봉천현대시장,서울 관악구 은천동 502-4,상설,등록,38,보유,미보유
서울,관악구,신림종합시장,서울 관악구 신사동 505-1,상설,등록,22,보유,미보유
서울,관악구,신림중앙시장,서울 관악구 조원동 541번지,상설,등록,110,보유,보유
서울,관악구,우림시장,서울 관악구 난곡동 637-1,상설,등록,30,보유,보유
서울,관악구,관악신사시장,서울 관악구 신림4동 503,상설,인정,100,미보유,미보유
서울,관악구,신원시장,서울 관악구 신림1동 1587,상설,인정,120,미보유,보유
서울,관악구,인헌시장,서울 관악구 봉천11동 1638-22,상설,인정,66,미보유,미보유
서울,관악구,펭귄시장,서울 관악구 신림8동 540,상설,인정,54,미보유,미보유
서울,송파구,마천시장,서울 송파구 마천동 140-2,상설,등록,146,보유,미보유
서울,강동구,둔촌역재래시장,서울 강동구 성내3동 428-9,상설,인정,83,보유,미보유
서울,강동구,암사종합시장,서울 강동구 암사1동 500-17,상설,인정,117,보유,미보유
서울,강동구,천호시장,서울 강동구 천호동 421-1,상설,등록,32,보유,미보유
서울,강동구,동서울시장,서울 강동구 천호동 421-3,상설,등록,100,보유,미보유
서울,강동구,천호신시장,서울 강동구 천호동 422-2,상설,등록,69,보유,미보유
부산,중구,(사)보수종합시장,부산 중구 보수동 3가 46-1,상설,등록,82,보유,미보유
부산,중구,(사)부산데파트,부산 중구 동광동 1가 1,상설,등록,96,보유,보유
부산,중구,자갈치시장,부산 중구 남포동 4가 37-1번지                ,상설,등록,280,보유,보유
부산,중구,(유)대덕도매시장,부산 중구 신창동 2가 11,상설,등록,18,보유,미보유
부산,중구,(사)국제시장,부산 중구 신창동 4-38,상설,등록,494,보유,미보유
부산,중구,남포동건어물도매시장,부산 중구 남포동 1가 61,상설,인정,160,보유,미보유
부산,중구,만물의 거리,부산 중구 신창동 4가 12-1,상설,인정,60,미보유,미보유
부산,중구,부평시장,부산 중구 부평동 2가 68-9,상설,인정,994,보유,미보유
부산,중구,(사)창선상가,부산 중구 창선동 2가 30,상설,등록,130,보유,미보유
부산,중구,새 영주시장,부산 중구 영주1동 20-15,상설,인정,66,미보유,미보유
부산,중구,(사)신동아수산물종합시장,부산 중구 남포동 5가 92번지,상설,등록,172,보유,보유
부산,중구,(사)신천지시장,부산 중구 남포동 6가 3,상설,등록,86,보유,미보유
부산,중구,월드밸리 ,부산 중구 부평동 2가 2,상설,등록,110,보유,보유
부산,서구,충무시장,부산 서구 남부민동 643,상설,등록,15,보유,보유
부산,서구,대신시장,부산 서구 동대신동1가 113-1,상설,등록,85,보유,미보유
부산,서구,동대신1동 골목시장,부산 서구 동대신동 129번지 일원,상설,인정,72,미보유,미보유
부산,서구,서대신동골목시장,부산 서구 서대신동2가 108번지 일원,상설,인정,109,미보유,미보유
부산,서구,송남시장,부산 서구 암남동 346-2,상설,등록,36,보유,보유
부산,서구,아미동골목시장,부산 서구 아미동 2가 96-11번지 일원,상설,인정,40,미보유,미보유
부산,서구,충무동 골목시장,부산 서구 충무동2가 29번지 일원,상설,인정,187,미보유,미보유
부산,서구,충무동 해안시장,부산 서구 충무동1가 1-75번지 일원,상설,인정,169,보유,미보유
부산,서구,충무동새벽시장,부산 서구 남부민동 684번지 일원,상설,인정,205,보유,미보유
부산,동구,(사)수정시장,부산 동구 수정2동 170-1,상설,등록,56,보유,보유
부산,동구,(사)자유시장,부산 동구 범일2동 830-24,상설,등록,1479,보유,보유
부산,동구,(사)초량시장,부산 동구 초량2동 200-3,상설,인정,91,보유,미보유
부산,동구,(사)부산진 남문시장,부산 동구 범일2동291,상설,등록,203,보유,미보유
부산,동구,(사)부산진시장,부산 동구 범일2동 290,상설,등록,1300,보유,보유
부산,동구,수정재래시장,부산 동구 수정2동 248-3,상설,인정,128,미보유,미보유
부산,동구,초량전통시장,부산 동구 초량동 216-2,상설,인정,83,미보유,미보유
부산,영도구,남항시장,"부산 영도구 남항1가, 영선1가.2가 일원(남항1가 217-3번지외)",상설,인정,272,보유,보유
부산,영도구,영도봉래시장,부산 영도구 봉래2가.3가 일원(봉래2가 31-1번지외),상설,인정,122,미보유,미보유
부산,영도구,청학시장,부산 영도구 청학동 297-1번지 일원,상설,인정,82,보유,미보유
부산,부산진구,(사)부전시장,부산 부산진구 부전동 573,상설,등록,323,보유,미보유
부산,부산진구,서면종합시장,부산 부산진구 부천1동 347-40,상설,등록,205,보유,보유
부산,부산진구,(주)동아종합시장,부산 부산진구 개금동 156-2,상설,등록,100,보유,보유
부산,부산진구,(주)부전인삼시장,부산 부산진구 부전동 573-26,상설,등록,62,보유,미보유
부산,부산진구,(주)수양시장,부산 부산진구 개금동 632-3,상설,등록,10,보유,보유
부산,부산진구,(주)창곡종합시장,부산 부산진구 초읍동 271-1,상설,등록,35,보유,보유
부산,부산진구,(주)흥아시장,부산 부산진구 부전동 18,상설,등록,36,보유,미보유
부산,부산진구,가야시장,부산 부산진구 가야1동 3-11,상설,등록,22,보유,미보유
부산,부산진구,개금골목시장,부산 부산진구 개금동 171-115,상설,인정,86,미보유,미보유
부산,부산진구,개금큰시장,부산 부산진구 개금1동 615-20,상설,등록,28,보유,미보유
부산,부산진구,당감골목시장,부산 부산진구 당감1동 295-4,상설,인정,122,미보유,미보유
부산,부산진구,당감시장,부산 부산진구 당감1동 238-89,상설,등록,21,보유,미보유
부산,부산진구,문전시장,부산 부산진구 전포3동 362-41,상설,등록,15,보유,보유
부산,부산진구,골드테마거리,부산 부산진구 범천1동 636-1,상설,인정,277,보유,미보유
부산,부산진구,부산평화시장,부산 부산진구 범천1동 839-52,상설,등록,890,보유,미보유
부산,부산진구,부전상가시장,부산 부산진구 부전1동 265-25,상설,인정,662,보유,미보유
부산,부산진구,부전종합상가,부산 부산진구 부전1동 347-1,상설,인정,520,미보유,미보유
부산,부산진구,부산전자종합시장,부산 부산진구 부전1동 29,상설,등록,111,보유,보유
부산,부산진구,새당감시장,부산 부산진구 당감3동 479-9,상설,등록,11,보유,미보유
부산,부산진구,서면시장,부산 부산진구 부전2동 256-6,상설,등록,184,보유,미보유
부산,부산진구,서면중앙시장,부산 부산진구 전포2동 608-1,상설,등록,194,보유,보유
부산,부산진구,성곡종합시장,부산 부산진구 초읍동 271-6,상설,등록,37,보유,미보유
부산,부산진구,양정시장,부산 부산진구 양정동 390,상설,등록,110,보유,보유
부산,부산진구,종합새시장,부산 부산진구 개금동 614-1,상설,등록,12,보유,미보유
부산,부산진구,초읍시장,부산 부산진구 초읍동 225,상설,등록,32,보유,보유
부산,부산진구,전포놀이터시장,부산 부산진구 전포2동 197-6,상설,인정,77,미보유,미보유
부산,부산진구,당감새시장,부산 부산진구 당감동 292-118,상설,인정,364,미보유,미보유
부산,동래구,금강시장,부산 동래구 온천동 1376-7,상설,등록,27,보유,미보유
부산,동래구,금성상가시장,부산 동래구 온천동 1407-2,상설,등록,18,보유,보유
부산,동래구,동래시장,부산 동래구 복천동 229-28,상설,등록,251,보유,보유
부산,동래구,명장시장,부산 동래구 명장동 145-9,상설,등록,38,보유,미보유
부산,동래구,서원시장,부산 동래구 안락동 425-51,상설,등록,48,보유,미보유
부산,동래구,신정시장,부산 동래구 사직동 128-1,상설,등록,24,보유,보유
부산,동래구,안락상가시장,부산 동래구 안락동 603-1,상설,등록,37,보유,미보유
부산,동래구,온천시장,부산 동래구 온천동 147-6,상설,등록,126,보유,미보유
부산,동래구,온천인정시장,부산 동래구 온천동 147-7,상설,인정,149,미보유,미보유
부산,동래구,충렬상가시장,부산 동래구 안락동 464-21,상설,등록,33,보유,보유
부산,동래구,수안인정시장,부산 동래구 수안동 275-2,상설,인정,145,미보유,미보유
부산,남구,못골골목시장,부산 남구 대연동 1416-23번지 일원,상설,인정,192,미보유,미보유
부산,남구,대연삼익상가시장,부산 남구 대연3동 1808,상설,등록,48,보유,보유
부산,남구,대연시장,부산 남구 대연5동 1760-1,상설,등록,70,보유,미보유
부산,남구,동성하이타운시장,부산 남구 대연2동 1756-9,상설,등록,37,보유,보유
부산,남구,새감만종합시장,부산 남구 감만1동 163-2,상설,등록,20,보유,보유
부산,남구,용호2동골목시장,부산 남구 용호2동 494-19번지 일원,상설,인정,108,미보유,미보유
부산,남구,용호삼성시장,부산 남구 용호1동 128-1,상설,등록,19,보유,미보유
부산,남구,우암골목시장,부산 남구 우암2동 189-671번지 일원,상설,인정,31,미보유,미보유
부산,남구,주식회사 용호시장,부산 남구 용호동 516-10,상설,등록,115,보유,보유
부산,북구,덕천시장,부산 북구 덕천1동 411-5,상설,등록,35,보유,보유
부산,북구,구포축산물도매시장,부산 북구 구포2동 1186-24,상설,인정,245,보유,미보유
부산,북구,만덕시장,부산 북구 만덕1동 829,상설,등록,32,보유,미보유
부산,북구,정이있는구포시장,부산 북구 구포1동 599,상설+정기,인정,750,보유,미보유
부산,북구,새구포종합상가시장,부산 북구 덕천2동 355-4,상설,등록,20,보유,보유
부산,해운대구,반송골목시장,부산 해운대구 반송3동 250,상설,인정,100,미보유,미보유
부산,해운대구,반송시장,부산 해운대구 반송1동 460-19외 6필지,상설,인정,15,보유,보유
부산,해운대구,반여3동 골목시장,부산 해운대구 반여3동 1584,상설,인정,54,미보유,미보유
부산,해운대구,반여시장,부산 해운대구 반여2동 1291-918,상설,등록,65,보유,미보유
부산,해운대구,우동종합상가시장,부산 해운대구 우2동 1092-16,상설,등록,45,보유,미보유
부산,해운대구,재송시장,부산 해운대구 재송1동 1080-5,상설,등록,54,보유,미보유
부산,해운대구,좌동재래시장,부산 해우대구 좌1동 892 일원,상설,인정,77,보유,보유
부산,해운대구,해운대시장,부산 해운대구 중1동 1394-193,상설,인정,130,보유,미보유
부산,해운대구,반송2동시장,부산 해운대구 반송2동 40-762번지,상설,인정,188,미보유,미보유
부산,사하구,(주)장림시장,부산 사하구 장림1동 792-7,상설,등록,41,보유,미보유
부산,사하구,가락타운 상가시장,부산 사하구 하단1동 1175,상설,등록,105,보유,보유
부산,사하구,감천시장,부산 사하구 감천1동 471,상설,등록,48,보유,미보유
부산,사하구,다대씨파크,부산 사하구 다대1동 680-2,상설,등록,143,보유,보유
부산,사하구,당리시장,부산 사하구 당리동 143-1,상설,등록,12,보유,보유
부산,사하구,사하시장,부산 사하구 괴정4동 552-14,상설,등록,25,보유,미보유
부산,사하구,신평종합시장,부산 사하구 신평1동 111-213,상설,등록,35,보유,미보유
부산,사하구,에덴시장,부산 사하구 하단2동 487-6,상설,등록,25,보유,보유
부산,사하구,하단시장,부산 사하구 당리동 302-7,상설,등록,26,보유,미보유
부산,사하구,신평골목시장,부산 사하구 신평1동 82-9,상설,인정,99,미보유,미보유
부산,사하구,하단5일상설시장,부산 사하구 하단1동 620-8,상설+정기,인정,96,보유,미보유
부산,금정구,구서오시게시장,부산 금정구 구서1동 87-9,상설,등록,101,보유,보유
부산,금정구,금사제일상가시장,부산 금정구 금사동 68-14,상설,등록,13,보유,미보유
부산,금정구,부곡상가시장,부산 금정구 부곡1동 304-1,상설,인정,34,보유,미보유
부산,금정구,서동시장,부산 금정구 서4동 302,상설,등록,61,보유,미보유
부산,금정구,장전상가시장,부산 금정구 장전3동 421-7,상설,등록,44,보유,미보유
부산,강서구,(주)명지시장,부산 강서구 명지동 1-377,상설,인정,128,보유,보유
부산,연제구,(사)거성시장,부산 연제구 거제2동 987-10,상설,등록,31,보유,미보유
부산,연제구,(사)영남종합시장,부산 연제구 연산2동 1328-15,상설,등록,24,보유,미보유
부산,연제구,(주)거제시장,부산 연제구 거제3동 486-1,상설,등록,61,보유,보유
부산,연제구,연동시장,부산 연제구 연산1동 312-18,상설,등록,13,보유,보유
부산,연제구,연미새시장,부산 연제구 연산6동 2124-16,상설,등록,19,보유,미보유
부산,연제구,연산시장,부산 연제구 연산2동 787-3,상설,등록,10,미보유,보유
부산,연제구,연일시장,부산 연제구 연산4동 636-28,상설,등록,30,보유,보유
부산,연제구,연천시장,부산 연제구 연산8동 364-1,상설,등록,30,보유,미보유
부산,수영구,광안어패류시장,부산 수영구 민락동 181-72,상설,등록,21,보유,보유
부산,수영구,광안종합시장,부산 수영구 광안동 94-1,상설,등록,25,보유,미보유
부산,수영구,남천해변시장,부산 수영구 남천1동 556,상설,등록,177,보유,보유
부산,수영구,동방시장,부산 수영구 민락동 161-7,상설,등록,13,보유,미보유
부산,수영구,망미새상가시장,부산 수영구 망미 831-13,상설,등록,28,보유,미보유
부산,수영구,망미종합시장,부산 수영구 망미1동 804-1,상설,등록,21,보유,미보유
부산,수영구,망미중앙시장,부산 수영구 망미동 431-6,상설,인정,98,보유,미보유
부산,수영구,민락어패류시장,부산 수영구 민락동 181-8,상설,등록,54,보유,보유
부산,수영구,민락회타운,부산 수영구 민락동 181-84,상설,인정,55,보유,보유
부산,수영구,세흥시장,부산 수영구 남천1동 26-5,상설,등록,12,보유,미보유
부산,수영구,수영건설시장,부산 수영구 수영동 466-20,상설,등록,11,보유,미보유
부산,수영구,수영팔도상가시장,부산 수영구 수영동 60-1,상설,인정,129,미보유,미보유
부산,수영구,현대종합상가시장,부산 수영구 수영동 541,상설,등록,26,보유,보유
부산,수영구,민락씨랜드,부산 수영구 민락동 181-228,상설,인정,53,보유,보유
부산,수영구,민락골목시장,부산 수영구 민락동 190-1,상설,인정,85,미보유,미보유
부산,사상구,구덕대림상가,부산 사상구 학장동 167-3,상설,등록,31,보유,미보유
부산,사상구,부산산업용재유통상가,부산 사상구 감전동 152-2,상설,등록,860,보유,보유
부산,사상구,부산산업용품상협동조합,부산 사상구 괘법동 578,상설,등록,1364,보유,보유
부산,사상구,부산새벽시장,부산 사상구 감전동 143-12/ 16,상설,인정,261,보유,보유
부산,사상구,북부산시장,부산 사상구 덕도1동 422-16,상설,등록,30,보유,미보유
부산,사상구,영해종합시장,부산 사상구 학장동 570-2,상설,등록,68,보유,보유
부산,사상구,복이 있는 덕포시장,부산 사상구 덕포동 421-13,상설,인정,190,미보유,미보유
부산,기장군,기장시장,부산 기장군 기장읍 대라리 72-1,상설,등록,143,보유,보유
대구,중구,서문시장 제4지구,대구 중구 대신동 115-377,상설,등록,680,보유,미보유
대구,중구,번개시장,대구 중구 태평로1가 1-186외 2곳,상설,등록,348,보유,미보유
대구,중구,서문시장 건해산물상가,대구 중구 대신동 265-5 일대,상설,인정,79,보유,미보유
대구,중구,교동시장,대구 중구 교동 67-12,상설,등록,1010,보유,미보유
대구,중구,남문시장,대구 중구 남산동 698-22,상설,등록,117,미보유,미보유
대구,중구,덕산(염매)시장,대구 중구 덕산동 38,상설,등록,93,보유,미보유
대구,중구,동부시장,대구 중구 동인동 470-2,상설,등록,51,보유,미보유
대구,중구,방천시장,대구 중구 대봉동 11,상설,인정,80,보유,미보유
대구,중구,서문시장 제5지구,대구 중구 대신동 115-400,상설,등록,437,보유,보유
대구,중구,동산상가,대구 중구 대신동 115-30,상설,등록,756,보유,보유
대구,중구,서문시장제1지구포목시장,대구 중구 대신동 115-379,상설,등록,287,보유,미보유
대구,중구,서문시장제1지구직물시장,대구 중구 대신동 115-379,상설,등록,300,보유,미보유
대구,중구,중앙시장,대구 중구 포정동 21-3,상설,등록,36,보유,미보유
대구,중구,보성황실시장,대구 중구 남산4동 2466-1,상설,등록,22,보유,미보유
대구,중구,명품프라자상가,"대구 중구 대신동 115-112,115-91",상설,인정,180,보유,보유
대구,동구,공항시장,대구 동구 지저동 694-42,상설,인정,55,보유,미보유
대구,동구,동구시장,대구 동구 효목동 533,상설,등록,121,보유,미보유
대구,동구,동대구역전시장,대구 동구 신천3동 278,상설,등록,24,보유,미보유
대구,동구,동서시장,대구 동구 신암5동 96-6,상설,인정,79,미보유,미보유
대구,동구,반야월종합시장,대구 동구 신기동 174-1,상설+정기,등록,54,보유,보유
대구,동구,방촌시장,대구 동구 방촌읍 1067-2,상설,등록,40,보유,보유
대구,동구,방촌현대시장,대구 동구 방촌동 902-7,상설,등록,23,보유,미보유
대구,동구,불로전통시장,대구 동구 불로동 449-1,상설+정기,인정,132,보유,보유
대구,동구,성동시장,대구 동구 신암4동 327-1,상설,등록,10,보유,미보유
대구,동구,송라시장,대구 동구 신천2동 537-13,상설,인정,51,보유,미보유
대구,동구,신암시장,대구 동구 신암3동 211,상설,등록,22,보유,보유
대구,동구,평화시장,대구 동구 신암동 597-1,상설,등록,50,보유,미보유
대구,동구,효목시장,대구 동구 효목1동 139-5,상설,등록,11,보유,보유
대구,동구,목련시장,대구 동구 신기동271-2,상설,인정,20,미보유,미보유
대구,서구,대평리시장,대구 서구 평리3동 676-7,상설,등록,8,보유,보유
대구,서구,만평시장,대구 서구 비산7동 1247-1,상설,등록,16,미보유,미보유
대구,서구,새길시장,대구 서구 내당2동 968,상설,등록,17,보유,미보유
대구,서구,서구시장,대구 서구 평리3동 1085-1,상설,등록,15,보유,미보유
대구,서구,서부시장,대구 서구 비산2.3동434,상설,등록,250,보유,미보유
대구,서구,신평리시장,대구 서구 평리4동 1205,상설,등록,122,보유,보유
대구,서구,원대신시장,대구 서구 원대3가 1434-4,상설,등록,54,보유,미보유
대구,서구,이현시장,대구 서구 평리6동 606-8,상설,등록,17,보유,미보유
대구,서구,중리시장,대구 서구 평리5동 1538-3,상설,등록,16,보유,미보유
대구,서구,중평시장,대구 서구 평리4동 1437-5,상설,등록,3,보유,미보유
대구,서구,두류1번가,대구 서구 내당동 1290,상설,등록,96,보유,보유
대구,서구,서문시장2지구종합상가,대구 중구 대신동 115-370,상설,등록,520,보유,보유
대구,남구,관문상가시장,대구 남구 대명동 1135-4,상설,인정,260,보유,보유
대구,남구,관문시장,대구 남구 대명동 1160,상설,등록,30,보유,미보유
대구,남구,광덕시장,대구 남구 대명동 460,상설,등록,40,보유,미보유
대구,남구,남부시장,대구 남구 대명동 797,상설,등록,75,보유,보유
대구,남구,남산시장,대구 남구 봉덕동 686,상설,등록,15,보유,미보유
대구,남구,대명시장,대구 남구 대명동 2276-5,상설,등록,153,보유,보유
대구,남구,대명중앙시장,대구 남구 대명동 1040,상설,등록,21,보유,미보유
대구,남구,명덕시장,대구 남구 대명동 139-1,상설,등록,44,보유,미보유
대구,남구,봉덕신시장,대구 남구 봉덕1동953-17,상설,인정,181,보유,보유
대구,남구,봉덕시장,대구 남구 봉덕동 961,상설,등록,146,보유,미보유
대구,남구,성당시장,대구 남구 대명동 3023-23,상설,등록,120,보유,보유
대구,남구,안지랑시장,대구 남구 대명동 872,상설,등록,30,보유,미보유
대구,남구,영선신시장,대구 남구 대명동 1999-1,상설,인정,119,보유,보유
대구,북구,(주)산격종합시장,대구 북구 산격동 1258,상설,등록,100,보유,미보유
대구,북구,경명시장,대구 북구 칠성동 89,상설,등록,68,보유,미보유
대구,북구,대구능금시장,대구 북구 칠성동 250-1번지,상설,인정,131,보유,미보유
대구,북구,대구청과시장,대구 북구 칠성1가 276-102,상설,인정,106,보유,보유
대구,북구,대성시장,대구 북구 칠성동 302-95,상설,등록,18,보유,보유
대구,북구,동대구시장,대구 북구 대현동 390,상설,등록,50,보유,미보유
대구,북구,복현종합시장,대구 북구 복현동 462,상설,등록,10,보유,미보유
대구,북구,(북문시장)칠성원시장,대구 북구 칠성동 81 외1필지,상설,인정,100,보유,미보유
대구,북구,삼성시장,대구 북구 칠성동1가 276-108,상설,등록,65,보유,보유
대구,북구,칠성시장,대구 북구 칠성동 1가276-105,상설,등록,350,보유,보유
대구,북구,팔달시장,대구 북구 노원2동 375,상설,등록,120,보유,미보유
대구,북구,팔달신시장,대구 북구 노원3동 750,상설,등록,650,보유,미보유
대구,북구,중앙시장,대구 북구 태전동 156-1,상설,인정,33,보유,보유
대구,북구,서변중앙시장,대구 북구 서변동 1751,상설,인정,60,미보유,미보유
대구,북구,칠곡정기시장,대구 북구 읍내동 1201-1 외 3필지,정기,등록,60,보유,미보유
대구,수성구,(주)청구시장,대구 수성구 만촌2동 984-1,상설,등록,29,보유,미보유
대구,수성구,대구신천시장,대구 수성구 범어3동 1004,상설,등록,60,보유,보유
대구,수성구,동성시장,대구 수성구 수성2가 39-1,상설,등록,15,보유,미보유
대구,수성구,두원시장,대구 수성구 지산1동 994,상설,등록,14,보유,보유
대구,수성구,만촌시장,대구 수성구 만촌1동 640,상설,등록,10,보유,미보유
대구,수성구,선스포츠프라자,대구 수성구 범어 4동 332,상설,등록,12,보유,보유
대구,수성구,수성시장,대구 수성구 수성2가 39번지,상설,등록,34,보유,미보유
대구,수성구,수성하이츠쇼핑몰,대구 수성구 수성4가 1090-8,상설,등록,49,보유,보유
대구,수성구,수성현대시장,대구 수성구 수성1가 649-76,상설,등록,17,보유,미보유
대구,수성구,지산종합시장,대구 수성구 지산2동 1199-10,상설,등록,43,보유,미보유
대구,수성구,태백시장,대구 수성구 수성2가 39-4,상설,등록,37,보유,미보유
대구,수성구,황금시장,대구 수성구 황금2동 764,상설,등록,15,보유,보유
대구,달서구,달서시장,대구 달서구 본리동 145-2,상설,인정,256,보유,보유
대구,달서구,대동시장,대구 달서구 상인동 1472-1,상설,인정,99,미보유,미보유
대구,달서구,서남시장,대구 달서구 감삼동 55-5,상설,등록,138,보유,보유
대구,달서구,서남신시장,대구 달서구 감삼동 56-18,상설,인정,138,미보유,미보유
대구,달서구,송경종합시장,대구 달서구 송현동 1941-3,상설,등록,25,보유,미보유
대구,달서구,송현주공시장,대구 달서구 송현동 1948-3,상설,인정,30,보유,미보유
대구,달서구,신내당시장,대구 달서구 두류동 486-1,상설,등록,25,보유,미보유
대구,달서구,월배시장,대구 달서구 진천동 241-3,상설,등록,80,보유,보유
대구,달서구,성서와룡시장,대구 달서구 신당동 1763-9,상설,인정,130,미보유,미보유
대구,달서구,대곡시장,대구 달서구 도원동 1432,상설,인정,71,보유,미보유
대구,달서구,도원시장,대구 달서구 도원동 1437-1,상설,인정,66,미보유,미보유
대구,달서구,상원시장,대구 달서구 상인동 1582-4,상설,인정,70,미보유,보유
대구,달서구,성서용산시장,대구 달서구 용산동 421-1,상설,인정,149,미보유,미보유
대구,달서구,용산종합큰시장,대구 달서구 용산동 933,상설,인정,51,보유,미보유
대구,달성군,구지시장,대구 달성군 구지면 창리 424-2,정기,등록,28,보유,보유
대구,달성군,옥포시장,대구 달성군 옥포면 기세리 268,정기,등록,8,보유,보유
대구,달성군,현풍시장,대구 달성군 현풍면 원교리 13,정기,등록,106,미보유,보유
대구,달성군,화원시장,대구 달성군 화원읍 천내1리 892,상설+정기,등록,53,보유,보유
인천,중구,(주)인천종합어시장,인천 중구 항동7가 27-69,상설,등록,410,보유,보유
인천,중구,신포시장,"인천 중구 신포동 3, 7, 9번지 일원",상설,인정,136,보유,미보유
인천,중구,신흥시장,인천 중구 선화동 30번지 일원,상설,인정,68,보유,보유
인천,동구,동부시장,인천 동구 송림6동 50,상설,등록,47,보유,보유
인천,동구,송현시장,인천 동구 송현동 90,상설,인정,138,보유,보유
인천,동구,송현자유시장,인천 동구 송현동 100,상설,등록,85,보유,미보유
인천,동구,중앙시장,인천 동구 금곡동 1-2 외 12필지,상설,등록,93,미보유,보유
인천,동구,현대시장,인천 동구 송림6동 50,상설,인정,250,보유,보유
인천,남구,석바위시장,인천 남구 주안6동 952-1,상설,인정,194,보유,미보유
인천,남구,신기시장,인천 남구 주안7동 1313-17,상설,인정,110,보유,미보유
인천,남구,용남시장,인천 남구 용현1동 4-2,상설,등록,75,미보유,미보유
인천,남구,용일시장,인천 남구 용현1동 139,상설,등록,75,보유,미보유
인천,남구,용현시장,인천 남구 용현3동 492-80,상설,등록,274,보유,보유
인천,남구,인천남부종합시장,인천 남구 주안동 1315-19,상설,인정,85,보유,보유
인천,남구,토지금고시장,인천 남구 용현동 617-55,상설,인정,109,미보유,미보유
인천,연수구,연수구옥련시장,인천 연수구 옥련동 462-32,상설,등록,61,미보유,미보유
인천,연수구,연수송도역전시장,인천 연수구 옥련동 308-21,상설,인정,165,보유,미보유
인천,남동구,간석자유시장,인천 남동구 간석3동 41,상설,인정,104,보유,미보유
인천,남동구,구월시장,인천 남동구 구월4동 1265,상설,인정,133,보유,보유
인천,남동구,만수시장,인천 남동구 만수2동 868-4,상설,인정,139,보유,미보유
인천,남동구,모래내시장,인천 남동구 구월4동 1264,상설,인정,205,미보유,보유
인천,남동구,창대시장,인천 남동구 만수6동 1082-6,상설,인정,95,보유,보유
인천,남동구,구월도매시장,인천 남동구 구월동 1175-15,상설,인정,74,미보유,미보유
인천,부평구,부일종합시장,인천 부평구 일신동 107,상설,등록,42,보유,미보유
인천,부평구,부평자유시장,인천 부평구 부평동 210-2,상설,등록,33,보유,미보유
인천,부평구,부평종합시장,인천 부평구 부평동 360-1,상설,인정,228,미보유,보유
인천,부평구,십정종합시장,인천 부평구 십정동 321-1,상설,인정,67,보유,미보유
인천,부평구,진흥종합시장,인천 부평구 부평동 252-52,상설,등록,60,보유,미보유
인천,부평구,부평깡시장,인천 부평구 부평동 252-3,상설,인정,135,보유,보유
인천,계양구,계산시장,인천 계양구 계산1동 960-26,상설,인정,108,보유,보유
인천,계양구,병방시장,인천 계양구 병방동 392,상설,인정,84,미보유,미보유
인천,계양구,작전시장,인천 계양구 작전동 856-117,상설,인정,109,미보유,미보유
인천,서구,가좌시장,인천 서구 가좌동 30-40,상설,인정,105,보유,미보유
인천,서구,강남시장,인천 서구 석남동 454-19,상설,인정,149,미보유,보유
인천,서구,거북시장,인천 서구 석남동 548,상설,인정,35,미보유,미보유
인천,서구,신거북시장,인천 서구 석남동 540-15,상설,인정,122,보유,미보유
인천,서구,인천축산물시장,인천 서구 가좌동 480-19,상설,인정,130,미보유,미보유
인천,서구,중앙시장,인천 서구 가정동 505,상설,인정,88,보유,미보유
인천,강화군,강화중앙시장,인천 강화군 강화읍 신문리 205-5,상설,등록,82,보유,보유
인천,강화군,강화풍물시장,인천 강화군 강화읍 갑곳리 849,상설,등록,217,보유,보유
광주,동구,(합)남광주시장,광주 동구 학동 55-57,상설,등록,223,보유,미보유
광주,동구,(합)대인시장,광주 동구 대인동 310-9,상설,등록,261,보유,보유
광주,서구,양동시장,광주 서구 양동 5-101,상설,등록,340,보유,보유
광주,서구,닭전길 시장,광주 서구 양동 5-8,상설,등록,105,미보유,미보유
광주,서구,양동건어물시장,광주 서구 양동 5-41,상설,등록,65,미보유,보유
광주,서구,양동복개상가,광주 서구 양동,상설,등록,360,보유,보유
광주,서구,양동수산시장,광주 서구 양동 5-254,상설,인정,95,보유,보유
광주,남구,봉선시장,광주 남구 봉선라인광장앞,상설,인정,33,보유,미보유
광주,북구,동부시장,광주 북구 중흥동 272-6,상설,등록,22,보유,보유
광주,북구,말바우시장,광주 북구 우산동 185-23,상설+정기,인정,506,보유,보유
광주,북구,운암시장,광주 북구 운암2동 94-7,상설,등록,55,보유,보유
광주,북구,두암시장,광주 북구 두암1동 856-5,상설,등록,26,보유,미보유
광주,광산구,비아5일시장,광주 광산구 비아동 83-5,정기,등록,62,보유,보유
광주,광산구,송정5일시장,광주 광산구 송정동 884-1,정기,등록,193,보유,보유
광주,광산구,송정매일시장,광주 광산구 송정동 813-1,상설,등록,48,보유,보유
광주,광산구,송정역전매일시장,광주 광산구 송정동 854-1,상설,인정,51,보유,보유
대전,동구,(주)대전도매시장,대전 동구 중동 76,상설,등록,131,보유,미보유
대전,동구,(주)대전상가시장,대전 동구 인동 52-1,상설,등록,56,보유,미보유
대전,동구,(주)중앙종합시장,대전 동구 원동 65-1,상설,인정,123,보유,미보유
대전,동구,가양시장,대전 동구 가양1동 434,상설,등록,11,보유,보유
대전,동구,신도시장,대전 동구 가양2동 38-5,상설,인정,72,미보유,미보유
대전,동구,신중앙시장,대전 동구 원동 40-1,상설,등록,147,보유,보유
대전,동구,용운시장,대전 동구 용운동 351-1,상설,인정,40,보유,보유
대전,동구,자유도매시장,대전 동구 원동 64-1,상설,등록,64,보유,보유
대전,동구,중앙도매시장,대전 동구 원동 38-1,상설,등록,73,보유,미보유
대전,동구,중앙상가시장,대전 동구 중동 28,상설,인정,211,보유,미보유
대전,동구,중앙메가프라자,대전 동구 원동 42-1,상설,등록,134,보유,미보유
대전,중구,문창시장,대전 중구 문창동 116-7,상설,인정,220,보유,보유
대전,중구,산성시장,대전 중구 산성동 285-1,상설,인정,73,보유,보유
대전,중구,오류시장,대전 중구 오류동 164-1,상설,인정,57,미보유,미보유
대전,중구,용두시장,대전 중구 용두동 12-2,상설,인정,30,미보유,미보유
대전,중구,유천시장,대전 중구 유천동 303-10,상설,인정,90,보유,보유
대전,중구,태평시장,대전 중구 태평동 327-3,상설,인정,120,보유,보유
대전,서구,도마큰시장,대전 서구 도마동 133-14,상설,인정,482,보유,보유
대전,서구,한민시장,대전 서구 괴정동 88-6,상설,인정,240,보유,보유
대전,유성구,송강재래시장,대전 유성구 송강동 49-10,상설,인정,55,보유,미보유
대전,대덕구,법동시장,대전 대덕구 법2동 199,상설,인정,57,미보유,보유
대전,대덕구,송촌시장,대전 대덕구 송촌동 476,상설,인정,37,보유,미보유
대전,대덕구,신탄진시장,대전 대덕구 석봉동 417,상설+정기,인정,141,보유,보유
대전,대덕구,중리시장,대전 대덕구 중리동 370-3,상설,인정,207,보유,보유
울산,중구,울산시장(신중앙시장),울산 중구 학산동 47-10,상설,등록,250,보유,보유
울산,중구,구역전시장,울산 중구 학성동 434-7,상설,인정,56,보유,보유
울산,중구,병영시장,울산 중구 남외동 257-1,상설,등록,30,보유,미보유
울산,중구,선우시장,울산 중구 남외동 385-3,상설,등록,75,보유,미보유
울산,중구,성남프라자,울산 중구 성남동 190-239,상설,등록,433,보유,보유
울산,중구,신울산종합시장,울산 중구 반구동 100-1,상설,등록,38,보유,미보유
울산,중구,역전시장,울산 중구 학성동 436-20,상설,등록,62,보유,미보유
울산,중구,우정시장,울산 중구 우정동 285-1,상설,등록,18,보유,미보유
울산,중구,중앙전통시장(구.전통골목시장+구.옥교상가),울산 중구 옥교동 96-4,상설,인정,288,보유,미보유
울산,중구,태화종합시장,울산 중구 태화동 23-7,상설,등록,40,보유,미보유
울산,중구,학성새벽시장,울산 중구 학성동 359-2,상설,등록,202,보유,보유
울산,중구,학성종합시장,울산 중구 학성동 467-1,상설,등록,12,보유,미보유
울산,중구,서동시장,울산 중구 서동 39-4,상설,인정,64,보유,미보유
울산,중구,옥골시장,울산 중구 옥교동 127-15,상설,인정,78,보유,미보유
울산,남구,(주)신정시장,울산 남구 신정동 630-1,상설,등록,78,보유,미보유
울산,남구,(주)야음시장,울산 남구 야음동 815-22,상설,등록,69,보유,보유
울산,남구,수암상가시장,울산 남구 신정동 854,상설,인정,67,보유,미보유
울산,남구,신정시장상가,울산 남구 신정동 634-10,상설,인정,450,보유,미보유
울산,남구,신정평화시장,울산 남구 신정동 1600-3,상설,인정,20,보유,보유
울산,남구,야음상가시장,울산 남구 야음동 815-16,상설,인정,87,보유,미보유
울산,남구,울산번개시장(야음체육관시장),울산 남구 야음동 375-55,상설,인정,132,보유,미보유
울산,남구,울산산업공구월드,울산 남구 삼산동 1591-4,상설,등록,283,보유,보유
울산,남구,수암종합시장,울산 남구 야음동 698-1,상설,인정,50,보유,미보유
울산,동구,남목시장,울산 동구 동부동 310-2,상설,등록,17,보유,미보유
울산,동구,대송농수산물시장,울산 동구 화정동 171-4,상설,등록,89,보유,보유
울산,동구,동부시장,울산 동구 동부동 310-15,상설,등록,45,보유,미보유
울산,동구,동울산종합시장,울산 동구 전하동 661-1,상설,등록,199,보유,보유
울산,동구,월봉시장,울산 동구 화정동 640-17,상설,등록,100,보유,미보유
울산,동구,전하시장,울산 동구 전하동 450-3,상설,등록,10,보유,미보유
울산,북구,정자시장,울산 북구 정자동 669,정기,등록,0,미보유,미보유
울산,북구,호계공설시장,울산 북구 호계동 869-1,상설+정기,등록,31,보유,미보유
울산,울주군,곡천공설시장,울산 울주군 웅촌면 곡천리 320-2,정기,등록,0,보유,미보유
울산,울주군,남창공설시장,울산 울주군 온양읍 남창리 146외1필,정기,등록,60,보유,보유
울산,울주군,덕신종합상가시장,"울산 울주군 온산읍 덕신리 1280-21,1289-13",상설,등록,19,미보유,미보유
울산,울주군,덕하공설시장,울산 울주군 청량면 상남리 578외1필,정기,등록,30,보유,미보유
울산,울주군,언양공설시장,울산 울주군 언양읍 남부리 336-20외12필,상설+정기,등록,100,보유,보유
울산,울주군,언양종합상가시장,울산 울주군 언양읍 남부리 124-2,상설,등록,70,보유,미보유
울산,울주군,봉계공설시장,울산 울주군 두동면 봉계리 525외1필,상설+정기,등록,18,보유,보유
경기,수원시,조원시장,경기 수원시 장안구 조원동 742-23번지,상설,인정,136,미보유,미보유
경기,수원시,파장종합시장,경기 수원시 장안구 파장동 580-11,상설,인정,165,미보유,미보유
경기,수원시,장안문 거북시장,경기 수원시 장안구 영화동 273-5,상설,인정,97,보유,미보유
경기,수원시,권선종합시장,경기 수원시 권선동 1051,상설,인정,52,보유,보유
경기,수원시,시민상가,경기 수원시 영동 10-18,상설,인정,54,보유,미보유
경기,수원시,영동시장(주),경기 수원시 영동 8,상설,등록,267,보유,보유
경기,수원시,지동시장㈜,경기 수원시 지동 402번지,상설,등록,186,보유,보유
경기,수원시,화서시장,경기 수원시 화서동 97-1/2,상설,인정,400,보유,보유
경기,수원시,미나리광시장,경기 수원시 팔달구 지동 400-17,상설,인정,58,미보유,보유
경기,수원시,구천동 공구시장,경기 수원시 팔달구 구천동 46-23,상설,인정,84,미보유,미보유
경기,수원시,남문로데오시장,경기 수원시 팔달구 교동 3-11,상설,인정,140,보유,미보유
경기,수원시,못골종합시장,경기 수원시 팔달구 지동 413,상설,인정,75,미보유,미보유
경기,수원시,남문패션1번가시장,경기 수원시 팔달구 영동 43-5,상설,인정,221,미보유,미보유
경기,수원시,수원역전시장(주),경기 수원시 팔달군 매산로1가 57-1,상설,등록,215,보유,보유
경기,수원시,팔달문시장,경기 수원시 팔달구 팔달로 3가 25-1,상설,인정,200,보유,미보유
경기,수원시,구매탄시장,경기 수원시 영통구 매탄동 172-98,상설,인정,53,보유,미보유
경기,성남시,성남중앙시장,경기도 성남시 수정구 태평동 3681번지,상설,인정,67,보유,미보유
경기,성남시,신흥시장,경기도 성남시 수정구 신흥동 3436-10번지,상설,등록,10,보유,보유
경기,성남시,현대시장,경기도 성남시 수정구 태평동 3683번지,상설,등록,48,보유,미보유
경기,성남시,하대원시장,성남시 중원구 하대원동 266-1~3번지,상설,인정,101,보유,보유
경기,성남시,금광시장,경기도 성남시 중원구 금광동 4622번지,상설,등록,17,보유,미보유
경기,성남시,단대마트시장,경기도 성남시 중원구 금광동 10번지,상설,등록,90,보유,보유
경기,성남시,모란시장,경기도 성남시 중원구 성남동 4214번지,상설,등록,65,보유,보유
경기,성남시,돌고래시장,성남시 분당구 수내동 53번지,상설,등록,141,보유,보유
경기,성남시,코끼리시장,성남시 분당구 수내동 56번지,상설,등록,100,보유,보유
경기,의정부시,의정부시장,경기 의정부시 의정부동 148번지,상설,인정,65,미보유,미보유
경기,의정부시,의정부청과야채시장,경기 의정부시 의정부동 30-8,상설,인정,110,보유,보유
경기,의정부시,의정부제일시장,경기 의정부시 의정부동 160,상설,등록,690,보유,보유
경기,안양시,안양남부시장,경기 안양시 만안구 안양1동 622-378,상설,인정,300,보유,미보유
경기,안양시,안양박달시장,경기 안양시 만안구 박달1동 52-1,상설,인정,88,보유,보유
경기,안양시,석수시장,경기 안양시 만안구 석수2동 387-288,상설,등록,31,보유,보유
경기,안양시,육동시장,경기 안양시 만안구 안양동 434-3,상설,등록,22,보유,미보유
경기,안양시,안양중앙인정시장,경기 안양시 만안구 안양동 676-44,상설,인정,870,보유,보유
경기,안양시,청원시장,경기 안양시 만안구 안양동 688-17,상설,등록,19,보유,미보유
경기,안양시,호계종합시장,경기 안양시 동안구 호계동 988,상설,인정,249,미보유,미보유
경기,안양시,안양관양시장,경기 안양시 동안구 관양동 1406-43,상설,인정,96,보유,미보유
경기,안양시,비산시장,경기 안양시 동안구 비산동 419-30,상설,등록,20,보유,미보유
경기,부천시,강남시장, 경기 부천시 원미구 도당동 276-4,상설,인정,116,미보유,미보유
경기,부천시,부천상동시장, 경기 부천시 원미구 상동 244-3,상설,인정,149,미보유,미보유
경기,부천시,부천중동시장, 경기 부천시 원미구 중동 724,상설,인정,82,보유,미보유
경기,부천시,역곡북부시장, 경기 부천시 원미구 역곡1동 83-5,상설,인정,89,미보유,미보유
경기,부천시,원미부흥시장, 경기 부천시 원미구 원미2동 116-4,상설,인정,69,미보유,미보유
경기,부천시,원미종합시장, 경기 부천시 원미구 원미1동 97-12,상설,인정,110,보유,미보유
경기,부천시,청과물시장, 경기 부천시 소사구 심곡본1동 660-2,상설,인정,65,보유,미보유
경기,부천시,역곡남부시장, 경기 부천시 소사구 괴안동 108-6,상설,인정,67,미보유,미보유
경기,부천시,부천자유시장, 경기 부천시 소사구 심곡본동 543,상설,인정,262,보유,미보유
경기,부천시,부천한신시장, 경기 부천시 소사구 소사본3동 200-1,상설,인정,101,보유,미보유
경기,부천시,소사종합시장, 경기 부천시 소사구 소사본2동 78-38,상설,인정,57,미보유,미보유
경기,부천시,조공시장, 경기 부천시 소사구 괴안동 40,상설,인정,76,미보유,미보유
경기,부천시,원종고강제일시장, 경기 부천시 오정구 원종동 338-8,상설,인정,158,미보유,보유
경기,부천시,원종종합시장, 경기 부천시 오정구 원종동 367-1,상설,인정,58,미보유,미보유
경기,부천시,원종중앙시장, 경기 부천시 오정구 원종동 209-5,상설,인정,83,보유,보유
경기,부천시,원종시장, 경기 부천시 오정구 원종동 367,상설,인정,25,보유,보유
경기,부천시,고강시장, 경기 부천시 오정구 고강본동 407,상설,인정,58,미보유,미보유
경기,부천시,신흥시장, 경기 부천시 오정구 삼정동 315,상설,인정,60,보유,미보유
경기,부천시,오정재래시장, 경기 부천시 오정구 오정동 582-30,상설,인정,70,미보유,미보유
경기,광명시,광명시장,경기 광명시 광명동150/158,상설,인정,366,보유,미보유
경기,평택시,서정시장,경기도 평택시 서정동 317번지,상설+정기,인정,260,보유,미보유
경기,평택시,송북시장,경기도 평택시 지산동 745-14번지,상설+정기,인정,200,보유,미보유
경기,평택시,안중시장,경기도 평택시 안중읍 안중리 267-1,상설+정기,인정,396,미보유,보유
경기,평택시,중앙시장,경기도 평택시 신장동 317-6번지,상설,인정,326,미보유,보유
경기,평택시,통복시장,경기도 평택시 통복동 70-29,상설+정기,인정,610,보유,보유
경기,동두천시,동두천시 제일시장,경기 동두천시 생연동 823번지,상설,인정,63,보유,보유
경기,동두천시,동두천 중앙시장,경기 동두천시 생연동 604번지,상설,인정,191,보유,보유
경기,동두천시,동두천시 큰시장,경기 동두천시 생연동 698-1번지,상설+정기,인정,109,보유,보유
경기,동두천시,동두천 세아상가시장,경기 동두천시 생연동 809번지,상설,등록,45,보유,보유
경기,안산시,안산시시민시장,경기 안산시 단원구 초지동 604-4,상설+정기,등록,332,보유,보유
경기,고양시,원당재래시장,경기 고양시 덕양구 성사1동 697-12,상설,인정,64,미보유,미보유
경기,고양시,일산재래시장(일산종합시장),경기 고양시 일산서구 일산2동 617-20,상설,등록,102,보유,미보유
경기,과천시,새서울프라자시장,경기 과천시 별양동 1-18,상설,등록,151,보유,보유
경기,과천시,제일쇼핑센터시장,경기 과천시 별양동 1-13,상설,등록,104,보유,보유
경기,구리시,구리시장,경기 구리시 수택동 381-15,상설,인정,141,보유,미보유
경기,오산시,오산중앙시장,경기 오산시 오산동 843-9,상설+정기,인정,320,보유,보유
경기,시흥시,시흥삼미시장,경기 시흥시 신천동 738-6,상설,인정,123,미보유,미보유
경기,군포시,군포역전시장,경기 군포시 당동 749/ 750,상설,인정,59,미보유,미보유
경기,군포시,산본시장,경기 군포시 산본동 216-1,상설,인정,201,보유,보유
경기,하남시,(사)신장공설시장,경기 하남시 신장1동 427-159,상설,등록,41,보유,미보유
경기,하남시,덕풍재래시장,경기 하남시 덕풍동 326-9,상설+정기,인정,111,보유,보유
경기,하남시,신장전통재래시장,경기 하남시 신장1동 429-1,상설,인정,121,보유,보유
경기,용인시,용인중앙시장,경기 용인시 처인구 김량장동 133,상설+정기,인정,712,보유,보유
경기,파주시,광탄시장,경기 파주시 광탄면 신산리 266,상설,인정,107,보유,보유
경기,파주시,금촌재래시장,경기 파주시 금촌동 320번지,상설,인정,173,보유,미보유
경기,파주시,문산제일시장,경기 파주시 문산읍 문산리 10-31,상설,인정,87,보유,미보유
경기,이천시,관고재래시장,경기 이천시 관고동 10-13,상설+정기,인정,54,보유,보유
경기,이천시,사기말골도예촌 재래시장,경기 이천시 사음동 536,상설,인정,52,보유,보유
경기,이천시,장호원재래시장,경기 이천시 장호원읍 오남리 3-1,상설+정기,등록,35,보유,보유
경기,안성시,안성시장,경기 안성시 서인동 13-1,상설+정기,등록,124,보유,보유
경기,안성시,중앙시장,경기 안성시 서인동 81,상설+정기,인정,62,보유,미보유
경기,김포시,김포중앙시장,경기 김포시 북변동 382-11번지 일원,상설,인정,160,미보유,미보유
경기,화성시,남양시장,경기 화성시 남양동 1225-1,상설+정기,인정,410,보유,미보유
경기,화성시,발안시장,경기 화성시 향남면 평리 115-1,상설+정기,인정,900,미보유,미보유
경기,화성시,사강시장,경기 화성시 송산면 사강리 656-8번지,상설+정기,인정,196,보유,미보유
경기,화성시,조암시장,경기 화성시 우정읍 조암리 264-3,상설+정기,인정,370,미보유,미보유
경기,포천시,운천재래시장,경기 포천시 영북면 운천리 531-4,상설,인정,140,미보유,보유
경기,여주군,제일시장,경기 여주군 여주읍 하리 180-11,상설+정기,등록,60,보유,미보유
경기,연천군,전곡재래시장,경기 연천군 전곡읍 전곡리 479-31,상설,인정,75,보유,미보유
경기,양평군,양평시장,경기 양평군 양평읍 양근리 166-9,정기,인정,391,보유,보유
경기,양평군,용문시장,경기 양평군 용문면 다문리 626-2,정기,인정,0,보유,미보유
경기,양평군,양평재래시장,경기 양평군 양평읍 양조리 409번지,상설+정기,인정,0,보유,보유
강원,춘천시,남부시장,강원 춘천시 효자1동 684-11,상설,등록,40,보유,보유
강원,춘천시,서부시장,강원 춘천시 소양로2가 172-1,상설,등록,36,보유,보유
강원,춘천시,제일종합시장,강원 춘천시 약사명동 32,상설,등록,130,보유,보유
강원,춘천시,동부시장,강원 춘천시 운교동 183,상설,등록,66,보유,보유
강원,춘천시,춘천중앙시장,강원 춘천시 중앙로2가 42-18,상설,등록,128,보유,보유
강원,춘천시,후평일단지시장,강원 춘천시 후평2동 692-24,상설,인정,60,미보유,미보유
강원,원주시,원주남부시장,강원 원주시 명륜1동 26,상설,등록,196,보유,보유
강원,원주시,원주문막시장,강원 원주시 문막리 240-1,상설,인정,70,보유,미보유
강원,원주시,원주자유시장,강원 원주시 중앙동 57,상설,등록,463,보유,보유
강원,원주시,원주중앙시장,강원 원주시 중앙동 60-2,상설,등록,200,보유,미보유
강원,원주시,북원상가시장(태장시장),강원 원주시 태장2동 1379-23,상설,등록,20,보유,보유
강원,원주시,중앙시민전통시장,강원 원주시 중앙동 48번지,상설,인정,150,보유,미보유
강원,강릉시,강릉동부시장,강원 강릉시 옥천동183,상설,등록,107,보유,보유
강원,강릉시,강릉서부시장,강원 강릉시 용강동 29,상설,등록,22,보유,보유
강원,강릉시,강릉중앙시장,강원 강릉시 성남동 50,상설,등록,372,보유,보유
강원,강릉시,주문진수산시장,강원 강릉시 주문진읍 주문리 312-91,상설,등록,44,보유,보유
강원,강릉시,주문진종합시장,강원 강릉시 주문진읍 주문리 321-52,상설,인정,63,보유,미보유
강원,강릉시,주문진건어물시장,강원 강릉시 주문진읍 주문리 312-56,상설,인정,77,보유,미보유
강원,강릉시,강릉성남시장,강원 강릉시 성남동 53-17,상설,인정,122,보유,미보유
강원,동해시,동해중앙시장,강원 동해시 발한동 7-5,상설,인정,215,보유,보유
강원,태백시,황지자유시장,강원 태백시 황지동 38 일원,상설,등록,127,보유,미보유
강원,태백시,장성중앙시장,강원 태백시 장성동 170-107,상설,등록,63,보유,보유
강원,태백시,철암시장,강원 태백시 철암동 278-1,상설,등록,51,보유,미보유
강원,속초시,속초종합중앙시장,강원 속초시 중앙동 471-4,상설,등록,457,보유,보유
강원,속초시,속초중앙재래시장,강원 속초시 중앙동 472-10,상설,인정,163,미보유,보유
강원,삼척시,도계전두시장,강원 삼척시 도계읍 83-2,상설,인정,42,보유,보유
강원,삼척시,도계중앙시장,강원 삼척시 도계읍 390-1,상설,등록,43,보유,미보유
강원,삼척시,삼척중앙시장,강원 삼척시 남양동 55-4 외3,상설,등록,254,보유,보유
강원,홍천군,홍천중앙시장,강원 홍천군 홍천읍 신장대리 5-3,상설,등록,102,보유,미보유
강원,홍천군,홍천시장,강원 홍천군 홍천읍 신장대리 8-130,상설,등록,112,보유,미보유
강원,횡성군,횡성시장,강원 횡성군 횡성읍 읍상리 277-3번지 일원,상설,등록,130,보유,보유
강원,영월군,서부아침시장,강원 영월군 영월읍 영흥리 947-57번지 일원,상설,인정,17,보유,보유
강원,영월군,영월종합상가,강원 영월군 영월읍 하송리 11-1번지 일원,상설,인정,71,보유,보유
강원,영월군,서부공설시장,강원 영월군 영월읍 하송리 5-15번지 일원,상설,인정,56,보유,보유
강원,평창군,대화시장,강원 평창군 대화면 대화리 1001-5외 94필지,상설,인정,103,미보유,미보유
강원,평창군,봉평시장,강원 평창군 봉평면 창동리 353-1외 93필지,상설,인정,57,보유,보유
강원,평창군,진부시장,강원 평창군 진부면 하진부리 138-1외 96필지,상설,인정,85,보유,보유
강원,평창군,평창시장,강원 평창군 평창읍 하리 55-11외 75필지,상설,인정,54,미보유,미보유
강원,정선군,고한시장,강원 정선군 고한읍 고한10리,상설,등록,50,보유,미보유
강원,정선군,사북시장,강원 정선군 사북읍 사북8리,상설,등록,57,보유,미보유
강원,정선군,정선시장,강원 정선군 정선읍 봉양리 344-1,상설+정기,등록,114,보유,보유
강원,철원군,동송시장,강원 철원군 동송읍 이평4리 680-1외 2필지,상설+정기,등록,31,보유,미보유
강원,철원군,신철원 시장,강원 철원군 장안읍 신철원리,상설+정기,등록,24,보유,보유
강원,철원군,와수시장,강원 철원군 와수리 1171-19외 26필지,상설+정기,등록,42,보유,보유
강원,화천군,화천시장,강원 화천군 화천읍 하리 52-9,상설,등록,91,보유,보유
강원,양구군,양구중앙시장,강원 양구군 양구읍 상리 235,상설,등록,58,보유,보유
강원,인제군,원통시장,강원 인제군 북면 원통리 647-8,상설,인정,57,보유,보유
강원,인제군,인제시장,강원 인제군 인제읍 상동4리 일대,정기,인정,78,미보유,미보유
강원,고성군,간성시장,강원 고성군 간성읍 신안2리 262,상설+정기,등록,60,보유,보유
강원,고성군,거진시장,강원 고성군 거진읍 거진7리 272,상설+정기,등록,0,보유,보유
강원,양양군,양양시장,강원 양양군 양양읍 남문리 74,상설+정기,인정,60,보유,보유
충북,청주시,내덕자연시장,충북 청주시 상당구 내덕동 396-15,상설,인정,45,미보유,미보유
충북,청주시,북부시장,충북 청주시 상당구 우암동 346-61,상설,인정,168,보유,보유
충북,청주시,사단법인 중앙시장,충북 청주시 상당구 북문로 2가 95-2,상설,등록,74,보유,미보유
충북,청주시,서문시장,충북 청주시 상당구 서문동 166-2,상설,인정,58,보유,미보유
충북,청주시,육거리종합시장,충북 청주시 상당구 석교동 63-1,상설,인정,861,보유,보유
충북,청주시,가경터미널시장,충북 청주시 흥덕구 가경동 1283번,상설,인정,70,보유,미보유
충북,청주시,복대가경시장,충북 청주시 흥덕구 복대2동 1123,상설,인정,92,보유,미보유
충북,청주시,복대시장 ,충북 청주시 흥덕구 복대1동 630-6,상설,인정,105,보유,미보유
충북,청주시,사직시장,충북 청주시 흥덕구 사직동 267-12,상설,인정,56,보유,보유
충북,청주시,사창시장,충북 청주시 흥덕구 사창동 286-22,상설,인정,103,보유,보유
충북,청주시,수곡시장,충북 청주시 흥덕구 수곡2동 853,상설,인정,62,미보유,미보유
충북,청주시,운천시장,충북 청주시 흥덕구 봉명2동 467-2,상설,인정,85,보유,미보유
충북,청주시,원마루시장,충북 청주시 흥덕구 분평동 1297,상설,인정,100,미보유,미보유
충북,충주시,남부시장,충북 충주시 지현동 820,상설,인정,48,보유,보유
충북,충주시,충주공설시장,충북 충주시 충의동 101,상설,인정,104,보유,미보유
충북,충주시,충주무학시장,충북 충주시 봉방동 8-52,상설,인정,157,보유,보유
충북,충주시,충주자유시장,충북 충주시 충인동 325,상설+정기,인정,127,보유,보유
충북,충주시,중앙공설시장,충북 충주시 성서동 306,상설,인정,57,보유,보유
충북,충주시,충의시장,충북 충주시 충의동 128,상설+정기,인정,110,보유,보유
충북,충주시,현대타운상가,충북 충주시 성서동 163,상설,등록,45,보유,미보유
충북,충주시,연수상가,충북 충주시 연수동 924,상설,인정,100,미보유,미보유
충북,제천시,약초시장,충북 제천시 화산동 987,상설,인정,72,보유,보유
충북,제천시,역전시장,충북 제천시 화산동 207-3,상설,인정,115,보유,미보유
충북,제천시,중앙시장,충북 제천시 중앙로1가 77,상설,인정,320,보유,보유
충북,제천시,내토재래시장,충북 제천시 중앙로1가 32,상설,인정,58,미보유,미보유
충북,제천시,덕산재래시장,충북 제천시 덕산면 도전리 443-6,상설,인정,56,보유,미보유
충북,제천시,동문시장,충북 제천시 중앙로2가 113-8,상설,인정,52,미보유,미보유
충북,청원군,내수재래시장,충북 청원군 내수읍 마산리,상설+정기,인정,65,미보유,미보유
충북,청원군,부강재래시장,충북 청원군 부용면 부강리,상설+정기,인정,55,보유,보유
충북,보은군,관기재래시장,충북 보은군 마로면 관기리 293,상설+정기,인정,69,보유,미보유
충북,보은군,보은재래시장,충북 보은군 보은읍 삼산리 137-1,상설+정기,인정,31,보유,보유
충북,보은군,원남재래시장,충북 보은군 삼승면 원남리 190,상설+정기,인정,70,보유,미보유
충북,보은군,회인재래시장,충북 보은군 회북면 중앙리 59-15,상설+정기,인정,37,보유,미보유
충북,보은군,보은종합시장,충북 보은군 보은읍 삼산리 135,상설+정기,인정,34,미보유,미보유
충북,옥천군,옥천(종합)상가㈜,충북 옥천군 옥천읍 금구리 5-7,상설,인정,40,보유,미보유
충북,영동군,(사)영동중앙시장조합,충북 영동군 영동읍 계산리 693-27,상설+정기,인정,79,보유,보유
충북,영동군,영동재래시장,충북 영동군 영동읍 계산리 694-13,상설+정기,인정,104,보유,보유
충북,진천군,진천전통시장,충북 진천군 진천읍 120-4외,상설+정기,인정,53,보유,미보유
충북,진천군,진천중앙시장,충북 진천군 진천읍 305-10외,상설,인정,54,보유,보유
충북,괴산군,괴산시장,충북 괴산군 괴산읍 동부리 516,상설+정기,인정,285,보유,보유
충북,괴산군,목도시장,충북 괴산군 불정면 목도리 296,상설+정기,인정,85,미보유,미보유
충북,괴산군,연풍시장,"충북 괴산군 연풍면 행촌리, 삼풍리일원",정기,인정,33,미보유,미보유
충북,괴산군,청천시장,충북 괴산군 청천면 청천리 62-43,상설+정기,인정,98,보유,보유
충북,음성군,대소시장,충북 음성군 대소면 오산리 127-6,정기,인정,100,보유,미보유
충북,음성군,무극시장,충북 음성군 금왕읍 무극리 235-9,상설+정기,인정,80,보유,보유
충북,음성군,삼성(덕정)시장,충북 음성군 삼성면 덕정리 525,상설+정기,인정,90,보유,미보유
충북,단양군,단양인정시장,충북 단양군 단양읍 도전리 615,상설+정기,인정,137,보유,보유
충북,단양군,매포재래시장,충북 단양군 매포읍 평동리 1139,상설+정기,인정,62,미보유,미보유
충북,단양군,상진재래시장,충북 단양군 단양읍 상진리  805,상설+정기,인정,68,미보유,미보유
충북,증평군,증평장뜰시장,충청북도 증평군 증평읍 중동리 97-1,상설+정기,인정,98,보유,보유
충남,천안시,천안공설시장,충남 천안시 동남구 대흥동 63-3일원,상설,인정,127,보유,보유
충남,천안시,남산중앙시장,충남 천안시 동남구 사직동 202-15일원,상설,인정,205,미보유,보유
충남,천안시,병천시장,충남 천안시 동남구 병천면 병천리 152-5일원,상설+정기,인정,145,보유,보유
충남,천안시,중앙시장,충남 천안시 동남구 사직동 3,상설,등록,28,보유,미보유
충남,천안시,천일시장,충남 천안시 동남구 사직동 33,상설,등록,69,보유,미보유
충남,천안시,성정5단지시장,충남 천안시 서북구 성정동 727-1일원,상설,인정,64,미보유,보유
충남,공주시,산성시장,충남 공주시 산성동 190-1,상설,인정,1100,보유,보유
충남,공주시,산성시장 활성화구역,충남 공주시 중동 279,상설,인정,400,미보유,미보유
충남,보령시,동부시장,충남 보령시 대천동 618-64번지,상설,인정,63,보유,보유
충남,보령시,웅천시장,충남 보령시 웅천읍 대창리 432-1번지,상설+정기,인정,60,보유,미보유
충남,보령시,중앙시장,충남 보령시 대천동 331-7번지,상설,인정,157,보유,보유
충남,보령시,한내시장,충남 보령시 대천동 195-2번지,상설,인정,150,보유,미보유
충남,보령시,현대상가시장,"충남 보령시 대천동 618-69,동대동983-54번지",상설,인정,48,미보유,미보유
충남,아산시,둔포시장,충남 아산시 둔포면 둔포리 450-1,상설+정기,인정,155,미보유,미보유
충남,아산시,온양전통시장,충남 아산시 온천동 41-2,상설+정기,인정,99,보유,보유
충남,서산시,대산종합시장,충남 서산시 대산읍 대산리 119,상설,등록,42,보유,보유
충남,서산시,동부시장,충남 서산시 동문동 900,상설,인정,262,보유,보유
충남,서산시,해미시장,충남 서산시 해미면 읍내리 202,상설,등록,33,보유,미보유
충남,서산시,해미종합시장,충남 서산시 해미면 읍내리 184-1,상설,등록,28,보유,미보유
충남,논산시,강경대흥시장,충남 논산시 강경읍 대흥리 48-32,상설+정기,인정,108,보유,보유
충남,논산시,강경젓갈시장,충남 논산시 강경읍 황산리 198,상설,인정,93,미보유,미보유
충남,논산시,논산화지·중앙시장,충남 논산시 대교동 321-56,상설+정기,인정,298,보유,보유
충남,논산시,연무안심시장,충남 논산시 연무읍 안심리 14-2,상설+정기,인정,75,보유,보유
충남,금산군,금산수삼센타,충남 금산군 금산읍 중도리 24,상설+정기,등록,402,보유,보유
충남,금산군,금산시장,충남 금산군 금산읍 하옥리 335-1외 2,상설,등록,93,보유,보유
충남,금산군,금산인삼국제시장,충남 금산군 금산읍 중도리 8-1,상설+정기,등록,203,보유,보유
충남,금산군,금산약초시장,충남 금산군 금산읍 중도리 31,상설+정기,등록,240,미보유,보유
충남,금산군,중부시장,충남 금산군 금산읍 상리 89-4,상설,등록,17,보유,보유
충남,연기군,금남대평시장,충남 연기군 금남면 용포리 190-16,상설+정기,인정,67,미보유,보유
충남,연기군,조치원 시장,충남 연기군 조치원읍 원리 5-7,상설+정기,인정,74,보유,보유
충남,연기군,조치원 재래시장,충남 연기군 조치원읍 정리 23,상설+정기,인정,41,보유,보유
충남,연기군,조치원 우리시장,충남 연기군 조치원읍 원리 5-3,상설+정기,인정,81,보유,보유
충남,부여군,부여중앙시장,충남 부여군 부여읍 구아리 220,상설,인정,72,보유,보유
충남,부여군,홍산시장,충남 부여군 홍산면 남촌리 132-1,정기,인정,67,보유,미보유
충남,서천군,서천특화시장,충남 서천군 서천읍 686-1,상설,등록,309,보유,보유
충남,서천군,장항전통시장,충남 서천군 장항읍 신창리 110,상설+정기,인정,118,보유,보유
충남,서천군,판교시장,충남 서천군 판교면 현암리 147-7,정기,등록,37,보유,보유
충남,서천군,한산시장,충남 서천군 한산면 지현리 298-3,정기,등록,17,미보유,미보유
충남,서천군,비인시장,충남 서천군 비인면 성내리 334-4,정기,등록,21,미보유,미보유
충남,청양군,정산정기시장,충남 청양군 정산면 서정리 162,상설+정기,인정,42,보유,미보유
충남,청양군,청양상설시장,충남 청양군 청양읍 읍내리 196-4,상설,인정,176,보유,보유
충남,홍성군,갈산정기시장,충남 홍성군 갈산면 상촌리 174,정기,인정,40,보유,보유
충남,홍성군,광천정기시장,충남 홍성군 광천읍 230,정기,등록,186,보유,보유
충남,홍성군,홍성상설시장,충남 홍성군 홍성읍 오관리 397-6,상설,등록,96,보유,보유
충남,홍성군,홍성정기시장,충남 홍성군 홍성읍 대교리 397,정기,등록,240,보유,미보유
충남,예산군,고덕시장,충남 예산군 고덕면 대천리 778,정기,등록,28,보유,보유
충남,예산군,광시시장,충남 예산군 광시면 광시리 87-1,정기,등록,26,보유,보유
충남,예산군,덕산시장,충남 예산군 덕산면 읍내리 356-1,정기,등록,106,보유,보유
충남,예산군,삽교시장,충남 예산군 삽교읍 두리 568-37,정기,등록,40,보유,미보유
충남,예산군,역전시장,충남 예산군 예산읍 주교리 220-3,상설+정기,인정,22,보유,보유
충남,예산군,예산상설시장,충남 예산군 예산리 333-1,상설,등록,54,보유,미보유
충남,예산군,예산시장,충남 예산군 예산리 346-13,정기,등록,0,보유,미보유
충남,태안군,안면재래시장,충남 태안군 안면읍 승언리 1249,상설,등록,42,보유,보유
충남,태안군,태안상설시장,충남 태안군 태안읍 동문리 286,상설,등록,130,보유,보유
충남,태안군,태안서부시장,충남 태안군 남문리 170-3,상설,인정,181,보유,미보유
충남,당진군,당진상설시장,충남 당진군 당진읍 읍내리 145-12,상설,등록,171,보유,미보유
충남,당진군,신평시장,충남 당진군 신평면 금천리 359-1,정기,등록,0,보유,미보유
충남,당진군,합덕시장,충남 당진군 합덕읍 운산리 255-12,상설+정기,등록,15,보유,보유
전북,전주시,전주동부시장,전북 전주시 완산구 경원동3가 90-13,상설,등록,19,보유,보유
전북,전주시,전주남부시장,전북 전주시 완산구 전동 295-4,상설,등록,685,보유,보유
전북,전주시,서부시장,전북 전주시 완산구 효자동 201-2,상설,등록,170,보유,보유
전북,전주시,전주중앙시장,전북 전주시 완산구 태평동 36-1,상설,등록,546,보유,보유
전북,전주시,전주모래내시장,전북 전주시 덕진구 인후2동 203-10,상설,인정,295,보유,보유
전북,군산시,군산공설시장,전북 군산시 신영동 18-1,상설,등록,207,보유,보유
전북,군산시,군산수산물종합센터,전북 군산시 해망동 1011-21,상설,등록,138,보유,보유
전북,군산시,대야재래시장(5일장),전북 군산시 대야면 산월리 401-1번지,상설+정기,인정,53,보유,보유
전북,군산시,동부시장,전북 군산시 경암동 679-5,상설,등록,15,보유,보유
전북,군산시,동산시장,전북 군산시 나운1동 822-3,상설,등록,31,보유,보유
전북,군산시,명산시장,전북 군산시 명산동 18-10,상설,인정,52,보유,보유
전북,군산시,문화시장,전북 군산시 문화동 917-1,상설,등록,85,보유,보유
전북,군산시,삼학시장,전북 군산시 삼학동 795,상설,등록,30,보유,보유
전북,군산시,신영시장,전북 군산시 신영동 19-5,상설,등록,126,보유,보유
전북,군산시,역전종합시장,전북 군산시 대명동 138-107,상설,인정,91,보유,미보유
전북,군산시,나운주공시장,전북 군산시 나운동 822-3,상설,등록,46,미보유,미보유
전북,익산시,(주)이리북부시장,전북 익산시 남중동 1가 35-4,상설+정기,등록,166,보유,보유
전북,익산시,익산금마시장,전북 익산시 금마면 동고동리 696-1,상설+정기,등록,20,보유,보유
전북,익산시,익산매일시장,전북 익산시 창인동1가 88-5,상설,인정,57,보유,보유
전북,익산시,익산신동시장,전북 익산시 신동 808-1,상설,등록,24,보유,보유
전북,익산시,익산여산시장,전북 익산시 여산면 여산리 412-4,정기,등록,23,보유,미보유
전북,익산시,익산중앙시장,전북 익산시 창인동 1가137-1,상설,등록,122,보유,보유
전북,익산시,익산창인시장,전북 익산시 창인동1가 114-27,상설,인정,67,보유,미보유
전북,익산시,익산함열시장,전북 익산시 함열읍 와리 544-34,상설+정기,등록,21,보유,보유
전북,익산시,익산황등시장,전북 익산시 황등면 황등리 588-2,상설+정기,등록,36,보유,보유
전북,익산시,익산북부장,전북 익산시 남중동 35-9,정기,인정,112,미보유,보유
전북,정읍시,정읍제1시장,전북 정읍시 시기동 275-44번지,상설,등록,322,보유,보유
전북,정읍시,정읍제2시장,전북 정읍시 연지동 31-1번지,상설,등록,40,보유,보유
전북,정읍시,태인시장,전북 정읍시 태인면 태창리 201-3번지,정기,등록,8,보유,보유
전북,남원시,남원공설시장,전북 남원시 금동 262-1번지외12필지,상설+정기,인정,173,보유,보유
전북,남원시,남원용남시장,전북 남원시 하정동 138번지외 2필지,상설,등록,85,보유,보유
전북,남원시,남원인월시장,전북 남원시 인월면 인월리 252-1번지외21필지,정기,인정,60,보유,보유
전북,김제시,김제전통시장,전북 김제시 요촌동 416-1번지일원,상설,인정,56,보유,보유
전북,김제시,김제원평시장,전북 김제시 금산면 원평리 91번지,정기,등록,33,보유,보유
전북,완주군,고산재래시장,전북 완주군 고산면 읍내리 604-1번지,상설,등록,16,보유,미보유
전북,완주군,삼례재래시장,전북 완주군 삼례읍 삼례리 923-8 번지,상설,등록,33,보유,미보유
전북,완주군,운주시장,전북 완주군 운주면 장선리 555번지,정기,등록,4,보유,미보유
전북,완주군,봉동시장,전북 완주군 봉동읍 장기리 217-13번지,정기,등록,35,보유,미보유
전북,진안군,진안시장,전북 진안군 진안읍 군상리 406-7,상설+정기,인정,54,보유,보유
전북,무주군,무주 반딧불장터,전북 무주군 무주읍 읍내리 1152,정기,등록,48,보유,보유
전북,무주군,무풍 대덕산장터,전북 무주군 무풍면 현내리 650-1,정기,등록,10,보유,미보유
전북,무주군,설천 삼도봉장터,전북 무주군 설천면 소천리 904-29,정기,등록,11,보유,보유
전북,무주군,안성 덕유산장터,전북 무주군 안성면 장기리 1511-6,정기,등록,29,보유,보유
전북,장수군,번암시장,전북 장수군 번암면 노단리 1039외 7번지,정기,등록,6,보유,미보유
전북,장수군,장계시장,전북 장수군 장계면 장계리 464-1번지외 11필지,정기,등록,38,보유,보유
전북,장수군,장수시장,전북 장수군 장수읍 장수리 460-2외 2필지,정기,등록,33,보유,보유
전북,임실군,강진시장,전북 임실군 강진면 갈담리 381외 3필지,정기,등록,20,보유,보유
전북,임실군,관촌시장,전북 임실군 관촌면 관촌리 518외 8필지,정기,등록,33,보유,보유
전북,임실군,신평시장,전북 임실군 신평면 원천리 758-17,정기,등록,14,보유,보유
전북,임실군,오수시장,전북 임실군 오수면 오수리 351-1 번지,상설,등록,27,보유,미보유
전북,임실군,임실시장,전북 임실읍 이도리 233-1외 4필지,정기,등록,56,보유,보유
전북,순창군,순창시장,전북 순창군 순창읍 남계리 800번지,정기,등록,100,보유,보유
전북,고창군,고창전통(상설)시장,전북 고창군 고창읍 읍내리 367번지 외 7필지,상설+정기,등록,76,보유,보유
전북,고창군,대산시장,전북 고창군 대산면 매산리 200-13,정기,등록,22,보유,보유
전북,고창군,무장시장,전북 고창군 무장면 무장리 85-1번지외 2필지,정기,등록,14,보유,보유
전북,고창군,상하시장,전북 고창군 상하면 하장리 936-4외 3필지,정기,등록,24,보유,보유
전북,고창군,해리시장,전북 고창군 해리면 하련리 129-1,정기,등록,88,보유,보유
전북,고창군,흥덕시장,전북 고창군 흥덕면 흥덕리 239-1외 2필지,정기,등록,25,보유,보유
전북,부안군,부안상설시장,전북 부안군 부안읍 서외리 21번지,상설,등록,210,보유,보유
전북,부안군,줄포상설시장,전북 부안군 줄포면 줄포리 728-3/ 20/ 732-8번지,상설,등록,14,보유,보유
전남,목포시,동부시장,전남 목포시 용당동 1052번지,상설,등록,263,보유,보유
전남,목포시,목포종합수산시장,전남 목포시 광동 1가4-13번지,상설,등록,125,보유,보유
전남,목포시,자유시장,전남 목포시 산정동 1383번지,상설,등록,144,보유,보유
전남,목포시,신중앙시장,전남 목포시 산정동1732번지,상설,인정,56,보유,보유
전남,목포시,중앙식료시장,전남 목포시 남교동88번지,상설,등록,56,보유,보유
전남,목포시,청호시장,전남 목포시 석현동1171번지,상설,등록,167,보유,보유
전남,목포시,항동시장,전남 목포시 수강동1가 1번지,상설,인정,101,보유,보유
전남,여수시,덕양시장,전남 여수시 소라면 덕양 1270-1,정기,등록,23,보유,보유
전남,여수시,동시장,전남 여수시 관문동 251-4,상설,등록,15,보유,미보유
전남,여수시,봉산시장,전남 여수시 봉산동 274-4,상설,등록,44,보유,보유
전남,여수시,서시장,전남 여수시 서교동 280,상설,등록,180,보유,미보유
전남,여수시,서시장주변시장,전남 여수시 서교동 534-23,상설+정기,인정,215,미보유,미보유
전남,여수시,쌍봉시장,전남 여수시 학동 35-3번지,상설,등록,25,보유,보유
전남,여수시,여수교동시장,전남 여수시 교동 605-44번지,상설,인정,76,보유,미보유
전남,여수시,여수수산시장,전남 여수시 교동 680,상설,등록,113,보유,미보유
전남,여수시,제일시장,전남 여수시 학동 35-2,상설,등록,24,보유,보유
전남,여수시,중앙시장,전남 여수시 교동 400-1,상설,등록,123,보유,보유
전남,여수시,진남시장,전남 여수시 학동 35-1,상설,등록,46,보유,보유
전남,여수시,수산물특화시장,전남 여수시 남산동 4외3,상설,등록,100,보유,보유
전남,순천시,괴목시장,전남 순천시 황전면 괴목 45-1,정기,등록,20,보유,미보유
전남,순천시,아랫장(남부시장),전남 순천시 풍덕동 1264번지,정기,등록,208,보유,보유
전남,순천시,별량시장,전남 순천시 별량면 봉림 207-10,정기,등록,3,보유,미보유
전남,순천시,웃장(북부시장),전남 순천시 동외동 168-1,정기,등록,75,보유,보유
전남,순천시,승주시장,전남 순천시 승주읍 423-1,정기,등록,18,보유,미보유
전남,순천시,역전시장,전남 순천시 덕암동 227-1,상설,등록,63,보유,보유
전남,순천시,주암시장,전남 순천시 주암면 광천리 54-1,정기,등록,32,보유,미보유
전남,순천시,중앙시장,전남 순천시 남내동 119번지,상설,등록,30,보유,미보유
전남,나주시,나주시공산5일시장,전남 나주시 공산면 금곡리 855-1,정기,등록,17,보유,미보유
전남,나주시,나주시금계상설시장,전남 나주시 금계동 33-8,상설,등록,31,보유,미보유
전남,나주시,나주시남평5일시장,전남 나주시 남평읍 69-1외1,정기,등록,79,보유,보유
전남,나주시,나주시다시5일시장,전남 나주시 다시면 동곡리 39-1,정기,등록,36,보유,미보유
전남,나주시,나주시성북5일시장,전남 나주시 성북동 100-1,정기,등록,95,보유,보유
전남,나주시,나주시세지5일시장,전남 나주시 세지면 오봉리 246-3,정기,등록,25,보유,보유
전남,나주시,나주시영산포풍물시장,전남 나주시 이창동 765,정기,등록,94,보유,보유
전남,광양시,광양상설시장,전남 광양시 광양동 읍내리 252-1,상설,등록,60,보유,보유
전남,광양시,광양정기시장,전남 광양시 광양읍 목성리 696-3,정기,등록,149,보유,보유
전남,광양시,옥곡정기시장,전남 광양시 옥곡면 신금 1337-1 일원,정기,등록,52,보유,미보유
전남,광양시,중마시장,전남 광양시 중동 1732-3,상설,인정,80,보유,보유
전남,광양시,진상정기시장,전남 광양시 진상면 섬거리 299-3,정기,등록,3,보유,미보유
전남,담양군,담양시장,전남 담양군 담양읍 담주리 7번지,정기,인정,45,보유,미보유
전남,담양군,창평시장,전남 담양군 창평면 창평리 209-1,정기,등록,53,보유,보유
전남,곡성군,곡성기차마을전통시장,전남 곡성군 곡성읍 읍내리 208번지,정기,등록,212,보유,보유
전남,곡성군,석곡전통시장,전남 곡성군 석곡면 석곡리 204번지,정기,등록,32,보유,보유
전남,곡성군,옥과전통시장,전남 곡성군 옥과면 리문리 177번지,정기,인정,69,보유,보유
전남,구례군,구례5일시장,전남 구례군 구례읍 봉동 189-5일월,정기,등록,150,보유,보유
전남,구례군,구례상설시장,전남 구례군 구례읍 봉동 378-1일원,상설,등록,92,보유,보유
전남,구례군,산동5일시장,전남 구례군 산동면 원촌 101-2일원,정기,등록,18,보유,미보유
전남,고흥군,고흥시장,전남 고흥군 고흥읍 남계리 628,상설+정기,등록,124,보유,미보유
전남,고흥군,과역시장,전남 고흥군 과역면 과역리 162,정기,등록,80,보유,미보유
전남,고흥군,녹동시장,전남 고흥군 도양읍 봉암리 2699-6,상설+정기,등록,67,보유,보유
전남,고흥군,도화시장,전남 고흥군 도화면 당오리 311-1,정기,등록,18,보유,미보유
전남,고흥군,동강시장,전남 고흥군 동강면 유둔리 7-1,정기,등록,50,보유,보유
전남,고흥군,봉래시장,전남 고흥군 봉래면 신금리 878-141,정기,등록,0,보유,보유
전남,보성군,벌교5일시장,전남 보성군 벌교읍 회정리 663-2,정기,등록,46,보유,미보유
전남,보성군,보성읍5일시장,전남 보성군 보성읍 원봉리 2-1,정기,등록,118,보유,보유
전남,보성군,보성매일시장,전남 보성군 보성읍 보성리 895-3,상설,등록,35,보유,보유
전남,보성군,복내5일시장,전남 보성군 복내면 복내리 152-14,정기,등록,37,보유,미보유
전남,보성군,예당5일시장,전남 보성군 득량면 예당리 446,정기,등록,14,보유,보유
전남,보성군,조성5일장,전남 보성군 조성면 조성리 513-1,정기,등록,32,보유,미보유
전남,보성군,회천5일시장,전남 보성군 회천면 회령리 486-1,정기,등록,10,보유,미보유
전남,화순군,능주시장,전남 화순군 능주면 관영리 94-1,정기,등록,47,보유,보유
전남,화순군,남면시장,전남 화순군 남면 사평리 1049-90,정기,등록,15,보유,보유
전남,화순군,동복시장,전남 화순군 동복면 천변리 95,정기,등록,2,보유,미보유
전남,화순군,화순시장,전남 화순군 화순읍 삼천리 621,정기,등록,195,보유,보유
전남,화순군,이양시장,전남 화순군 이양면 이양리 299-2,정기,등록,12,보유,미보유
전남,장흥군,대덕시장,전남 장흥군 대덕읍 신월리 111,정기,등록,30,보유,보유
전남,장흥군,용산시장,전남 장흥군 용산면 인암리 800-1,정기,등록,5,보유,보유
전남,장흥군,장평시장,전남 장흥군 장평면 양촌리 194-4,정기,등록,13,보유,보유
전남,장흥군,정남진장흥토요시장,전남 장흥군 장흥읍 예양리 158-1,상설+정기,등록,103,보유,보유
전남,장흥군,회진시장,전남 장흥군 회진면 회진리 2138-12,정기,등록,14,보유,미보유
전남,강진군,강진읍5일시장(강진읍시장 명칭변경),전남 강진군 강진읍 동성리 187-5,상설,인정,103,보유,보유
전남,강진군,마량5일시장,전남 강진군 마량면 마량리 987-1,정기,인정,46,보유,보유
전남,강진군,병영5일시장,전남 강진군 병영면 삼인리 318,정기,인정,23,보유,미보유
전남,해남군,남리5일시장,전남 해남군 황산 남리리 7,정기,인정,14,보유,보유
전남,해남군,남창5일시장,전남 해남군 북평 남창리 365-3,정기,인정,79,보유,보유
전남,해남군,우수영 5일 시장,전남 해남군 문내 동외리 919-17,정기,등록,20,보유,미보유
전남,해남군,해남읍5일시장,전남 해남군 해남 고도리 106-4,정기,인정,124,보유,보유
전남,해남군,해남읍매일시장,전남 해남군 해남 읍내리 50,상설,등록,31,보유,미보유
전남,영암군,구림시장,전남 영암군 군서면 동구림리 34-10,정기,인정,13,보유,미보유
전남,영암군,독천5일시장,전남 영암군 학산면 독천리 1237-22,정기,인정,96,보유,보유
전남,영암군,시종시장,전남 영암군 시종면 만수리 936-1,정기,인정,56,보유,미보유
전남,영암군,신북시장,전남 영암군 신북면 월평리 126-3,정기,인정,92,보유,보유
전남,영암군,영암읍시장,전남 영암군 영암읍 동무리 17-3,정기,인정,115,보유,보유
전남,무안군,망운정기시장,전남 무안군 망운면 목동리 605,정기,등록,8,보유,보유
전남,무안군,무안정기시장,전남 무안군 무안읍 성남리 813-2,정기,등록,60,보유,미보유
전남,무안군,일로정기시장,전남 무안군 일로읍 월암리 111-9,정기,등록,39,보유,보유
전남,함평군,함평해보시장,전남 함평군 해보면 금덕리 409-3번지,정기,등록,32,보유,보유
전남,영광군,영광매일시장,전남 영광군 영광읍 도동리 253,상설,등록,62,보유,보유
전남,영광군,영광태양고추특화시장,전남 영광군 영광읍 신하리 324-3,상설,인정,40,보유,보유
전남,영광군,터미널시장,전남 영광군 영광읍 남천리 321,상설,인정,60,보유,미보유
전남,장성군,사가5일시장,전남 장성군 북이면 사거리 697-2,정기,등록,22,보유,미보유
전남,장성군,사창5일시장,전남 장성군 삼계면 사창리 482-44,정기,등록,34,보유,보유
전남,장성군,황룡5일시장,전남 장성군 황룡면 151-1,정기,등록,101,보유,보유
전남,완도군,노화읍5일시장,전남 완도군 노화읍 이포리 678-17,정기,등록,0,미보유,보유
전남,완도군,완도읍5일시장,전남 완도군 완도읍 군내리 1249-2,정기,등록,94,보유,보유
전남,완도군,완도종합시장,전남 완도군 완도읍 군내리 1249,상설,등록,27,보유,미보유
전남,완도군,중앙시장,전남 완도구 완도읍 군내리 782-31,상설,인정,49,보유,미보유
전남,완도군,청해시장,전남 완도군 완도읍 군내리 782-31,상설,등록,11,보유,미보유
전남,진도군,고군면5일시장,전남 진도군 고군면 고성리 301,정기,등록,2,보유,미보유
전남,진도군,임회면5일시장,전남 진도군 임회면 석교리 245-1,정기,등록,4,보유,미보유
전남,진도군,의신면5일시장,전남 진도군 의신면 270-1,정기,등록,10,보유,미보유
전남,진도군,진도읍5일시장,전남 진도군 남동리 732-8,정기,등록,78,보유,보유
전남,진도군,진도읍상설시장,전남 진도군 남동리 490-3,상설,등록,25,보유,보유
전남,신안군,지도시장(5일장),전남 신안군 지도읍 읍내리 168-5,정기,등록,8,보유,보유
경북,포항시,동해시장,경북 포항시 남구 동해면 도구리 668-1,정기,등록,10,미보유,미보유
경북,포항시,오천시장,경북 포항시 남구 오천읍 세계리 823-4,상설+정기,등록,61,보유,미보유
경북,포항시,장기시장,경북 포항시 남구 장기면 임중리 333-2,정기,등록,7,미보유,미보유
경북,포항시,청림시장,경북 포항시 남구 청림동 588-2,상설,등록,14,보유,미보유
경북,포항시,대해종합시장,경북 포항시 남구 해도2동 79-1,상설,인정,29,보유,미보유
경북,포항시,남부시장,경북 포항시 남구 상도동 629,상설,등록,43,보유,미보유
경북,포항시,동해종합시장,경북 포항시 남구 해도동 435-2,상설,등록,38,보유,보유
경북,포항시,상대종합시장,경북 포항시 남구 상도동 1-12,상설,등록,31,보유,미보유
경북,포항시,송도시장,경북 포항시 남구 송도동 440-6,상설,등록,14,보유,미보유
경북,포항시,해도5시장(형산시장),경북 포항시 남구 대도동 143-1,상설,등록,26,보유,미보유
경북,포항시,포항큰동해시장,경북 포항시 남구 해도동 434-23,상설,인정,175,미보유,보유
경북,포항시,구룡포시장,경북 포항시 북구 구룡포읍 구룡포리 963-2,상설+정기,등록,17,보유,미보유
경북,포항시,기계시장,경북 포항시 북구 기계면 현내리 386-2,상설+정기,등록,24,미보유,미보유
경북,포항시,기북시장,경북 포항시 북구 기북면 용기리 271-4,정기,등록,10,미보유,미보유
경북,포항시,송라시장,경북 포항시 북구 송라면 광천리 32-29,정기,등록,5,보유,미보유
경북,포항시,장량시장,경북 포항시 북구 장성동 866-302,상설,등록,10,보유,미보유
경북,포항시,흥해시장,경북 포항시 북구 흥해읍 성내리 61-2,상설+정기,등록,85,보유,보유
경북,포항시,포항중앙상가,경북 포항시 북구 대흥동 732-14,상설,인정,205,보유,미보유
경북,포항시,죽도어시장,경북 포항시 북구 죽도1동 1-8,상설,인정,265,보유,보유
경북,포항시,그린종합시장,경북 포항시 북구 장성동 1352-1,상설,등록,25,보유,미보유
경북,포항시,두호1시장,경북 포항시 북구 창포동 630,상설,등록,33,보유,미보유
경북,포항시,북부시장,경북 포항시 북구 대신동 63-16,상설,등록,70,보유,보유
경북,포항시,신광시장,경북 포항시 북구 신광면 토성리 337,정기,등록,3,미보유,미보유
경북,포항시,양학시장,경북 포항시 북구 학잠동 83,상설,등록,40,보유,미보유
경북,포항시,죽도시장,경북 포항시 북구 죽도동 2-4,상설,등록,501,보유,보유
경북,포항시,죽장시장,경북 포항시 북구 죽장면 입암리 858-34,정기,등록,12,보유,보유
경북,포항시,청하시장,경북 포항시 북구 청하면 미남리 382-2,정기,등록,18,보유,미보유
경북,포항시,죽도농산물시장,경북 포항시 북구 죽도1동 5-22번지 일원,상설,등록,460,보유,보유
경북,경주시,불국공설시장,경북 경주시 시대동 363-3,정기,인정,34,보유,미보유
경북,경주시,불국사상가시장,경북 경주시 진현동 66-5,상설,인정,34,보유,미보유
경북,경주시,산내시장,경북 경주시 산내면 의곡리 155-10,정기,인정,25,보유,미보유
경북,경주시,서면시장,경북 경주시 서면 아화리 240-2,정기,인정,30,보유,보유
경북,경주시,성동시장,경북 경주시 성동동 51-1,상설+정기,인정,185,보유,보유
경북,경주시,안강시장,경북 경주시 안강면 양월리 1350-1,정기,인정,386,보유,보유
경북,경주시,양남시장,경북 경주시 양남면 하서리 633-4,정기,인정,32,보유,미보유
경북,경주시,양북시장,경북 경주시 양북면 어일리 1295-180,정기,인정,70,보유,보유
경북,경주시,외동시장,경북 경주시 외동읍 입실리 1020,정기,인정,30,보유,미보유
경북,경주시,중앙시장,경북 경주시 성건동 339-2,상설+정기,인정,370,보유,보유
경북,경주시,건천시장,경북 경주시 건천읍 건천리 340-1외 4필,정기,인정,45,보유,미보유
경북,김천시,김천황금시장,경북 김천시 양금동 18-2,상설+정기,등록,146,보유,보유
경북,김천시,부곡시장,경북 김천시 부곡동 409-1,상설,등록,12,보유,보유
경북,김천시,평화시장,경북 김천시 평화동 259-1,상설+정기,등록,101,보유,보유
경북,안동시,구담공설시장,경북 안동시 풍천면 구담리 494,정기,등록,86,보유,미보유
경북,안동시,구시장,"경북 안동시 남문동, 서부동 일원",상설,인정,244,미보유,보유
경북,안동시,서부시장,경북 안동시 태화동 62-1,상설,인정,130,미보유,미보유
경북,안동시,신평공설시장,경북 안동시 녹전면 신평리 729,정기,등록,23,보유,미보유
경북,안동시,온혜공설시장,경북 안동시 도산면 온혜리 566-1,정기,등록,21,보유,미보유
경북,안동시,옹천사설시장,경북 안동시 북후면 옹천리 551-2번지,상설+정기,등록,44,보유,미보유
경북,안동시,운산공설시장,경북 안동시 일직면 운산리76-1,정기,등록,27,보유,미보유
경북,안동시,정산공설시장,경북 안동시 예안면 정산리 629-21,정기,등록,25,보유,미보유
경북,안동시,중앙신시장,경북 안동시 옥야동 285-1,상설,인정,280,보유,보유
경북,안동시,천지공설시장,경북 안동시 길안면 천지리 746-13,정기,등록,45,보유,미보유
경북,안동시,용상공설시장,경북 안동시 용상동 1234,상설,인정,53,보유,보유
경북,안동시,풍산시장,경북 안동시 풍산읍 안교리 59-5번지 일원,상설,등록,62,보유,보유
경북,구미시,구미중앙시장,경북 구미시 원평동 117-1,상설,등록,124,보유,보유
경북,구미시,선산시장,경북 구미시 선산동 완전리 253,상설+정기,등록,125,보유,보유
경북,구미시,인동시장,경북 구미시 황상동 307-42,상설+정기,등록,33,보유,보유
경북,구미시,장천5일재래시장,경북 구미시 장천면 상장리 919-24,정기,등록,32,보유,미보유
경북,구미시,해평시장,경북 구미시 해평면 악성리 138,정기,등록,75,미보유,보유
경북,구미시,형곡중앙시장,경북 구미시 형곡2동 321,상설,인정,62,보유,보유
경북,구미시,구미종합상가,경북 구미시 원평동 119-15,상설,등록,48,보유,보유
경북,구미시,종합상가,경북 구미시 원평동 118-31,상설,인정,59,미보유,보유
경북,영주시,골목시장,경북 영주시 영주1동 548-9,상설,인정,80,미보유,미보유
경북,영주시,사단법인풍기인삼시장,경북 영주시 풍기읍 서부2리 145-3,상설,등록,50,보유,보유
경북,영주시,영주소백쇼핑몰,경북 영주시 하망동 364-350,상설,인정,93,보유,미보유
경북,영주시,영주공설시장,경북 영주시 하망동 362-4,상설,등록,80,보유,보유
경북,영주시,영주종합시장,경북 영주시 휴천동 305,상설,등록,40,보유,미보유
경북,영주시,영주중앙시장,경북 영주시 영주동 547,상설,등록,49,보유,보유
경북,영주시,선비골전통시장(채소시장),경북 영주시 영주동 318-7,상설,인정,92,미보유,미보유
경북,영주시,풍기중앙시장,경북 영주시 풍기읍 성내리 1-2,상설,인정,53,미보유,미보유
경북,영주시,영주문화시장,경북 영주시 영주동 376-1,상설,인정,307,미보유,미보유
경북,영주시,풍기선비골인삼시장,경북 영주시 풍기읍 산법리 446-4,상설,등록,66,보유,보유
경북,영주시,풍기토종인삼시장,경북 영주시 풍기읍 성내리 148,상설,인정,24,보유,보유
경북,영천시,금호공설시장,경북 영천시 금호읍 교대리 167-35,정기,등록,42,보유,보유
경북,영천시,새야사시장,경북 영천시 야사동 192-1,상설,인정,29,보유,미보유
경북,영천시,신녕공설시장,경북 영천시 신녕면 화성리 866-1,정기,등록,36,보유,미보유
경북,영천시,영천공설시장,경북 영천시 완산동 982-3,상설+정기,등록,196,보유,보유
경북,상주시,공성시장,경북 상주시 공성면 옥산리 177-1,정기,등록,17,보유,보유
경북,상주시,은척시장,경북 상주시 은척면 봉중리 383-2,정기,등록,35,보유,보유
경북,상주시,중앙시장,경북 상주시 남성동 85,상설+정기,등록,246,보유,보유
경북,상주시,함창시장,경북 상주시 함창읍 구향리 122,정기,등록,87,보유,보유
경북,상주시,화령시장,경북 상주시 화서면 신봉리 126,정기,등록,60,보유,보유
경북,문경시,(유)문경시중앙시장,경북 문경시 점촌동 197-14,상설,인정,40,보유,보유
경북,문경시,가은시장,경북 문경시 가은읍 왕능리 275,정기,등록,52,보유,미보유
경북,문경시,농암시장,경북 문경시 농암면 농암리 195-44,정기,인정,23,보유,미보유
경북,문경시,동로시장,경북 문경시 동로면 적성리 559-1,정기,인정,19,보유,미보유
경북,문경시,문경시장,경북 문경시 문경읍 하리 88-2,정기,인정,50,보유,미보유
경북,문경시,신흥시장,경북 문경시 흥덕동 994-1,상설+정기,인정,87,보유,보유
경북,문경시,중앙시장,경북 문경시 점촌동 159-2,상설,인정,102,보유,보유
경북,경산시,경산공설시장,경북 경산시 서상동 10번지 일원,상설,인정,289,보유,보유
경북,경산시,자인공설시장,경북 경산시 자인면 서부리 254번지 일원,상설+정기,인정,141,보유,보유
경북,경산시,하양공설시장,경북 경산시 하양읍 금락리 35-6번지 일원,상설+정기,인정,118,보유,미보유
경북,경산시,압량공설시장,경북 경산시 압량면 부적리 458번지,정기,등록,8,보유,보유
경북,군위군,군위시장,경북 군위군 군위면 서부리 16-5,정기,등록,38,보유,보유
경북,군위군,소보시장,경북 군위군 소보면 송원리 722,정기,등록,9,보유,보유
경북,군위군,우보시장,경북 군위군 우보면 이화리 1282,정기,등록,8,보유,미보유
경북,군위군,의흥시장,경북 군위군 의흥면 읍내리 594-1,정기,등록,13,보유,미보유
경북,의성군,안계공설시장,경북 의성군 안계면 용기리 467-1,정기,등록,76,보유,미보유
경북,의성군,의성공설시장,경북 의성군 의성읍 도동리 966,정기,등록,118,보유,보유
경북,의성군,의성금성시장,경북 의성군 금성면 산운리 644-2,정기,등록,38,보유,보유
경북,의성군,의성다인시장,경북 의성군 다인면 서릉리 167-1,정기,등록,6,보유,미보유
경북,의성군,의성단촌시장,경북 의성군 단촌면 하화리 1097-9,정기,등록,41,보유,미보유
경북,의성군,의성봉양시장,경북 의성군 봉양면 화전리 94-5,정기,등록,27,보유,미보유
경북,의성군,의성안평시장,경북 의성군 안평면 박곡리 952-3,정기,등록,7,보유,보유
경북,의성군,의성염매시장,경북 의성군 의성읍 후죽리 628-10,상설,등록,27,미보유,미보유
경북,청송군,도평시장,경북 청송군 도평리 893-3 외1,정기,등록,19,보유,미보유
경북,청송군,부남시장,경북 청송군 대전리 64 외 1,정기,등록,13,보유,미보유
경북,청송군,안덕시장,경북 청송군 안덕면 명당리 434-5,정기,등록,12,보유,미보유
경북,청송군,진보시장,경북 청송군 진안리 113-1 외 17,상설+정기,등록,60,보유,보유
경북,청송군,청송시장,경북 청송군 청송면 월막리 423-5 외23,상설+정기,등록,37,보유,보유
경북,청송군,화목시장,경북 청송군 현서면 구산리 100-14 외1,정기,등록,15,보유,미보유
경북,영양군,영양공설시장,경북 영양군 영양읍 서부리 288-3번지 외 1필지,상설+정기,인정,71,보유,보유
경북,영덕군,강구5일시장,경북 영덕군 강구면 오포리534-2,정기,인정,50,보유,보유
경북,영덕군,남정5일시장,경북 영덕군 남정면 장사리 365,정기,인정,12,보유,보유
경북,영덕군,영덕시장,경북 영덕군 영덕면 남석리 23-1,상설+정기,인정,69,보유,보유
경북,영덕군,영해5일시장,경북 영덕군 영해면 성내리 468-1,상설+정기,인정,168,보유,보유
경북,청도군,동곡시장,경북 청도군 금천면 동곡리 776,정기,등록,38,보유,보유
경북,청도군,이서시장,경북 청도군 이서면 학산리 163-9,정기,등록,15,보유,보유
경북,청도군,청도시장,경북 청도군 청도읍 고수리 778,정기,등록,191,보유,보유
경북,고령군,고령종합시장,경북 고령군 고령읍 지산리 222-2,정기,등록,88,보유,보유
경북,성주군,벽진시장,경북 성주군 벽진면 수촌리 810-1,정기,등록,5,미보유,미보유
경북,성주군,성주시장,경북 성주군 성주읍 경산리 718외 1번지,정기,등록,86,보유,보유
경북,칠곡군,(사)왜관상설시장,경북 칠곡군 왜관읍 왜관리 211,상설,등록,124,보유,보유
경북,칠곡군,동명시장,경북 칠곡군 동명면 금암리 231-1,정기,등록,0,보유,미보유
경북,칠곡군,약목시장,경북 칠곡군 약목면 복성리 949-1,정기,등록,28,보유,미보유
경북,예천군,마전시장,경북 예천군 지보면 마전리 701,정기,등록,50,보유,미보유
경북,예천군,예천상설시장,경북 예천군 예천읍 동본리 553,상설,등록,78,보유,보유
경북,예천군,예천시장,경북 예천군 남본리 245-230,정기,등록,27,보유,미보유
경북,예천군,용궁시장,경북 예천군 용궁면 읍부리 160,정기,인정,40,보유,보유
경북,예천군,풍양시장,경북 예천군 풍양면 낙상리 157-7,정기,등록,62,보유,보유
경북,봉화군,봉화상설시장,경북 봉화군 봉화읍 내성리 394-1,상설+정기,등록,130,보유,미보유
경북,봉화군,춘양시장,경북 봉화군 춘양면 의양리 361-18,상설+정기,인정,110,보유,미보유
경북,울진군,매화공설시장,경북 울진군 원남면 매화리1147,정기,등록,11,보유,미보유
경북,울진군,울진시장,경북 울진군 울진읍 읍내리 63,상설+정기,등록,250,보유,보유
경북,울진군,죽변공설시장,경북 울진군 죽변리 36-8,상설+정기,등록,155,보유,보유
경북,울진군,척산공설시장,경북 울진군 기성면 척산리 211-6,정기,등록,15,미보유,미보유
경북,울진군,평해공설시장,경북 울진군 평해읍 평해리 87-1,상설+정기,등록,28,보유,미보유
경북,울진군,후포공설시장,경북 울진군 후포면 삼율리 126,상설+정기,인정,89,보유,보유
경북,울진군,흥부공설시장,경북 울진군 북면 부구리 135,정기,등록,29,보유,보유
경남,창원시,가음시장대상가,경남 창원시 가음동 21-20,상설,등록,153,보유,보유
경남,창원시,가음정시장,경남 창원시 가음정동 21-24,상설,인정,210,보유,보유
경남,창원시,경창상가,경남 창원시 상남동 73-5,상설,등록,68,보유,보유
경남,창원시,그린피아상가,경남 창원시 중앙동 98-6,상설,등록,148,보유,보유
경남,창원시,대동그린코아상가,경남 창원시 반지동 23,상설,등록,63,보유,보유
경남,창원시,대동중앙상가,경남 창원시 팔용동 124-2,상설,등록,58,보유,보유
경남,창원시,대동훼미리코아상가,경남 창원시 대방동 358,상설,등록,113,보유,보유
경남,창원시,성원3차상가,경남 창원시 대방동 355,상설,등록,94,보유,보유
경남,창원시,대방덕산1차상가,경남 창원시 대방동 356,상설,등록,59,보유,보유
경남,창원시,동성올림픽타운,경남 창원시 중앙동 97-2,상설,등록,40,보유,보유
경남,창원시,동양종합상가,경남 창원시 대원동 42-1,상설,인정,92,보유,미보유
경남,창원시,롯데종합상가,경남 창원시 용호동 63,상설,등록,64,보유,보유
경남,창원시,명곡종합상가,경남 창원시 명서동 75-16,상설,등록,35,보유,보유
경남,창원시,명서시장,경남 창원시 명서동 75,상설,인정,154,보유,보유
경남,창원시,반송시장,경남 창원시 반림동 1,상설,인정,320,보유,보유
경남,창원시,사파동성종합상가,경남 창원시 사파동 93,상설,등록,92,보유,보유
경남,창원시,상남시장(상설+5일장),경남 창원시 상남동 12,상설+정기,등록,536,보유,보유
경남,창원시,성원그랜드쇼핑,경남 창원시 상남동 45-1,상설,등록,567,보유,보유
경남,창원시,소계시장,경남 창원시 소계동 724-4,상설,등록,26,보유,미보유
경남,창원시,양곡시장(양곡상가),경남 창원시 신촌동 33-2,상설,등록,101,보유,보유
경남,창원시,유신종합상가,경남 창원시 신촌동 15-6,상설,등록,58,보유,보유
경남,창원시,북동공설시장,경남 창원시 북동 249-1,상설,등록,23,보유,보유
경남,창원시,창원기계공구상가,경남 창원시 팔용동 16-1,상설,등록,198,보유,보유
경남,창원시,창원코아상가,경남 창원시 상남동 73-4,상설,등록,108,보유,보유
경남,창원시,토월복합상가,경남 창원시 신월동 68-1,상설,등록,82,보유,보유
경남,창원시,도계시장,경남 창원시 도계동 400-1,상설,인정,127,미보유,미보유
경남,마산시,구암시장,경남 마산시 구암2동 88-2,상설,등록,46,보유,보유
경남,마산시,구암현대시장,경남 마산시 구암동 18-1,상설,등록,25,보유,미보유
경남,마산시,대동씨코아상가시장,경남 마산시 해운동 37-4,상설,등록,171,보유,보유
경남,마산시,동마산시장,경남 마산시 합성동 326-1번지,상설,등록,52,보유,보유
경남,마산시,마산어시장,"경남 마산시 남성동, 동성동, 신포동2가일원",상설,인정,851,보유,보유
경남,마산시,반월시장,경남 마산시 반월동 85,상설,인정,70,보유,미보유
경남,마산시,부림상시장,경남 마산시 부림동 83,상설,등록,42,보유,보유
경남,마산시,부림시장,경남 마산시 부림동 32,상설,등록,193,보유,보유
경남,마산시,북마산중앙시장,경남 마산시 상남동 40-1,상설,등록,81,보유,미보유
경남,마산시,산호시장,경남 마산시 산호동 28-28,상설,등록,42,보유,보유
경남,마산시,서마산시장,경남 마산시 석전동 155-9,상설,등록,16,보유,미보유
경남,마산시,신마산시장,경남 마산시 해운동 64,상설,등록,64,보유,보유
경남,마산시,양덕중앙시장,경남 마산시 양덕동 15-1번지,상설,등록,26,보유,미보유
경남,마산시,역전시장,경남 마산시 석전동 257-1,상설,등록,78,보유,보유
경남,마산시,역전통합시장,경남 마산시 석전동 262-2,상설,등록,56,보유,보유
경남,마산시,자유시장,경남 마산시 오동동 290,상설,등록,25,보유,보유
경남,마산시,정우새어시장,경남 마산시 동성동 313,상설,등록,60,보유,보유
경남,마산시,진동시장,경남 마산시 진동면 진동리 237-11,상설,등록,15,보유,미보유
경남,마산시,회성종합시장,경남 마산시 회성동 450-2,상설,등록,15,보유,보유
경남,진주시,공단종합시장,경남 진주시 하대동 70-2,상설,등록,25,보유,미보유
경남,진주시,금곡시장,경남 진주시 금곡면 두문리632-4,정기,등록,11,보유,미보유
경남,진주시,대곡시장,경남 진주시 대곡면 광석리 321-1,정기,등록,18,보유,미보유
경남,진주시,동부종합상가,경남 진주시 상대동 193-1,상설,등록,57,보유,미보유
경남,진주시,문산시장,경남 진주시 문산읍 소문리 112-6,정기,등록,23,보유,미보유
경남,진주시,서부시장,경남 진주시 봉곡동 31,상설,등록,67,보유,미보유
경남,진주시,이현종합상가,경남 진주시 이현동 21-3,상설,등록,324,보유,보유
경남,진주시,일반성시장,경남 진주시 일반읍 창촌리 92,정기,등록,63,보유,보유
경남,진주시,자유시장,경남 진주시 상대동 276-17,상설,등록,120,보유,미보유
경남,진주시,중앙시장,경남 진주시 대안동 8-600,상설,등록,965,보유,보유
경남,진주시,천전시장,경남 진주시 칠암동 306-1,상설,등록,60,보유,미보유
경남,창원시,경화시장,경남 진해시 906-16,상설+정기,등록,133,보유,보유
경남,창원시,마천시장,경남 진해시 마천동 134-6,정기,등록,16,보유,미보유
경남,창원시,웅천시장,경남 진해시 성내동 327,정기,등록,4,보유,미보유
경남,창원시,중부시장,경남 진해시 경화동 1164-1,상설,등록,103,보유,보유
경남,창원시,중앙시장,경남 진해시 화천동 60,상설,등록,350,보유,보유
경남,통영시,북신전통시장,경남 통영시 북신동 662-14,상설,인정,148,보유,보유
경남,통영시,서호전통시장,경남 통영시 서호동 177-417,상설,등록,306,보유,보유
경남,통영시,중앙전통시장,경남 통영시 중앙동 38-4,상설,등록,299,보유,미보유
경남,사천시,사천읍시장,경남 사천시 사천면 정의리 394-3,상설+정기,인정,162,보유,보유
경남,사천시,삼천포수산시장(구삼천포서부시장),경남 사천시 동동 485-2,상설,인정,300,보유,보유
경남,사천시,삼천포종합시장,경남 사천시 동금동 88-4,상설+정기,등록,149,보유,보유
경남,사천시,삼천포중앙시장,경남 사천시 선구동 18-317,상설,인정,230,보유,보유
경남,사천시,서포시장,경남 사천시 서포면 구평리 644-3,상설+정기,등록,45,보유,보유
경남,사천시,완사시장,경남 사천시 곤명면 정곡리 842,상설,등록,45,보유,미보유
경남,김해시,김해동상시장,경남 김해시 동상동 881,상설,등록,160,보유,미보유
경남,김해시,장유재래시장,경남 김해시 장유면 무계리 189-3,정기,등록,90,보유,보유
경남,김해시,진례재래시장,경남 김해시 진례면 송정리 239-3,정기,등록,0,보유,보유
경남,김해시,진영재래시장,경남 김해시 진영읍 진영리 235-16,정기,등록,92,보유,보유
경남,김해시,삼방시장,경남 김해시 삼방동 673-6,상설,인정,70,미보유,미보유
경남,밀양시,내일전통시장,경남 밀양시 내일동 174-9,정기,인정,114,보유,보유
경남,밀양시,무안시장,경남 밀양시 무안면 무안리 814-10,정기,등록,57,보유,미보유
경남,밀양시,송백시장,경남 밀양시 산내면 송백리 1330-1,정기,등록,5,보유,미보유
경남,밀양시,송지시장,경남 밀양시 삼랑진읍 송지리 359-15,정기,등록,60,보유,보유
경남,거제시,고현종합시장,경남 거제시 고현동 98-27,상설,등록,55,보유,미보유
경남,거제시,신부시장,경남 거제시 장승포동 283-38외 11번지,상설,등록,31,보유,보유
경남,거제시,옥수동새시장,경남 거제시 능포동 680-7,상설,등록,30,보유,보유
경남,거제시,옥수시장,경남 거제시 능포동 633-215,상설,인정,108,보유,미보유
경남,거제시,옥포시장,경남 거제시 옥포2동 529-1,상설,인정,66,보유,미보유
경남,거제시,옥포중앙시장,경남 거제시 옥포2동 529-8,상설,등록,27,보유,미보유
경남,거제시,옥현쇼핑타운,경남 거제시 옥포2동 1293-1,상설,등록,43,보유,보유
경남,거제시,장평종합시장,경남 거제시 장평동 56-1,상설,등록,91,보유,보유
경남,거제시,한라프라자,경남 거제시 고현동 961-153,상설,등록,45,보유,보유
경남,거제시,희원프라자,경남 거제시 고현동 961-59,상설,등록,10,보유,보유
경남,양산시,덕계종합상설시장,경남 양산시 덕계동 754-1,상설,인정,200,보유,보유
경남,양산시,서창시장,경남 양산시 삼호동 524번지,상설+정기,등록,28,보유,보유
경남,양산시,석계시장,경남 양산시 상북면 석계리 34-9,정기,등록,0,보유,미보유
경남,양산시,신평시장,경남 양산시 하북면 순지리 575,상설+정기,등록,48,보유,미보유
경남,양산시,양산남부시장,경남 양산시 중부동 423-5,상설+정기,인정,282,보유,보유
경남,양산시,양산남부시장상가,경남 양산시 중부동 420-11,상설+정기,인정,161,보유,보유
경남,양산시,양산북부시장,경남 양산시 북부동 148-19,상설,등록,65,보유,보유
경남,의령군,신반시장,경남 의령군 부림면 신반562,상설+정기,등록,69,보유,미보유
경남,의령군,의령시장,경남 의령군 의령면 중동386,상설+정기,등록,150,보유,미보유
경남,함안군,군복공설시장,경남 함안군 군북면 중암리 83-10,정기,등록,35,보유,보유
경남,함안군,대산공설시장,경남 함안군 대산면 구혜리 221-3,정기,등록,17,보유,미보유
경남,함안군,칠원공설시장,경남 함안군 칠원면 구성리 732,정기,등록,37,보유,보유
경남,함안군,합명회사 가야시장,경남 함안군 가야면 말산리 470-1,상설+정기,등록,80,보유,보유
경남,창녕군,남지정기시장,경남 창녕군 남지읍 남지리 531,정기,등록,60,보유,보유
경남,창녕군,대합정기시장,경남 창녕군 대합면 십이리 273-4,정기,등록,13,보유,보유
경남,창녕군,영산정기시장,경남 창녕군 영산면 성내리 516-4,정기,등록,25,보유,보유
경남,창녕군,이방정기시장,경남 창녕군 이방면 거남리 430-5,정기,등록,12,보유,보유
경남,창녕군,창녕상설시장,경남 창녕군 창녕읍 술정리 45-1,상설,등록,58,보유,보유
경남,창녕군,창녕정기시장,경남 창녕군 창녕읍 술정리 44-1,정기,등록,0,보유,보유
경남,고성군,고성시장,경남 고성군 고성읍 서외리1-6,상설+정기,등록,350,보유,보유
경남,고성군,배둔시장,경남 고성군 회화면 배둔리 825-46,정기,등록,33,보유,보유
경남,고성군,영오시장,경남 고성군 영오면 영산리 220-4,정기,등록,15,보유,미보유
경남,남해군,고현공설시장,경남 남해군 고현면 대사리 768,정기,등록,16,보유,보유
경남,남해군,남면공설시장,경남 남해군 남면 당항리 1381-5,정기,등록,18,보유,보유
경남,남해군,남해시장,경남 남해군 남해읍 북변리282-11,상설,등록,158,보유,보유
경남,남해군,이동공설시장,경남 남해군 이동면 무림리 1140,정기,등록,24,보유,보유
경남,남해군,지족공설시장,경남 남해군 삼동면 지족리 200-7,정기,등록,11,보유,보유
경남,하동군,(사)하동시장,경남 하동군 하동읍 읍내리249,상설+정기,등록,393,보유,보유
경남,하동군,계천시장,경남 하동군 금남면 계천리 355-3,정기,등록,57,보유,보유
경남,하동군,북천시장,경남 하동군 북천면 직전리 597-1,정기,등록,14,보유,보유
경남,하동군,옥종시장,경남 하동군 옥종면 청룡리 124-15,정기,등록,29,보유,미보유
경남,하동군,진교시장,경남 하동군 진교면 진교리302-4,상설+정기,등록,72,보유,보유
경남,하동군,횡천시장,경남 하동군 횡천면 횡천리 507-2,정기,등록,20,보유,미보유
경남,산청군,단계시장,경남 산청군 신등면 단계리 784,정기,인정,15,보유,보유
경남,산청군,산청시장,경남 산청군 산청읍 산청리 251-11,상설+정기,등록,64,보유,보유
경남,산청군,생초시장,경남 산청군 생초면 어서리 259-14,정기,인정,9,보유,보유
경남,함양군,함양토종약초시장,경남 함양군 안의면 이전리 15,상설,인정,18,보유,보유
경남,함양군,서상시장,경남 함양군 서상면 도천리 992,정기,인정,7,보유,보유
경남,함양군,안의시장,경남 함양군 안의면 석천리 243,정기,등록,34,미보유,보유
경남,함양군,함양중앙상설시장,경남 함양군 함양읍 용평리 607-104,상설+정기,등록,114,보유,보유
경남,거창군,가조공설시장,경남 거창군 가조면 마상리 315-1,정기,등록,18,보유,미보유
경남,거창군,거창시장,경남 거창군 거창읍 중앙리 122-1,상설,등록,341,보유,보유
경남,거창군,신원공설시장,경남 거창군 신원면 과정리 173-21,정기,등록,2,보유,미보유
경남,합천군,가야시장,경남 합천군 가야면 황산리 279-11,정기,등록,52,보유,보유
경남,합천군,묘산시장,경남 합천군 묘산면 산제리 40 외 5필지,정기,등록,8,보유,미보유
경남,합천군,삼가시장,경남 합천군 삼가면 일부리 908-1번지,상설+정기,등록,66,보유,보유
경남,합천군,야로시장,경남 합천군 야로면 구정리 273-4번지 1필지,정기,등록,20,보유,미보유
경남,합천군,초계시장,경남 합천군 초계읍 초계리 50-1 외번지 5필지,상설+정기,등록,80,보유,미보유
경남,합천군,(주)합천시장,경남 합천군 합천읍 합천리 473-1외 2필지,상설+정기,등록,149,보유,보유
제주,제주시,동문공설시장,제주 제주시 일도1동 1103,상설,인정,55,보유,보유
제주,제주시,동문시장㈜,제주 제주시 일도1동 1148-2,상설,등록,182,보유,미보유
제주,제주시,동문수산시장,제주 제주시 이도1동 1349,상설,인정,107,미보유,미보유
제주,제주시,동문재래시장,제주 제주시 일도1동/ 이도1동 일대,상설,인정,360,보유,미보유
제주,제주시,보성시장,제주 제주시 이도1동 1289-5,상설,등록,84,보유,보유
제주,제주시,서문공설시장,제주 제주시 용담1동 135-9,상설,등록,72,보유,보유
제주,제주시,세화민속오일시장,제주 제주시 구좌읍 세화리 1500-5,정기,등록,151,보유,보유
제주,제주시,제주시민속오일시장,제주 제주시 도두1동 1212외,정기,등록,987,보유,보유
제주,제주시,제주칠성로상점가,제주 제주시 일도1동 141-1외 83필지,상설,인정,197,보유,미보유
제주,제주시,한림민속오일시장,제주 제주시 한림읍 대림리 1968-4,정기,등록,120,보유,보유
제주,제주시,도남시장,제주 제주시 도남동923-13,상설,등록,54,보유,보유
제주,제주시,신산시장,제주 제주시 일도2동 377-11,상설,등록,17,보유,보유
제주,제주시,한림매일시장,제주 제주시 한림읍 한림리1315-7 외20필지,상설,인정,57,보유,미보유
제주,제주시,함덕오일시장,제주 제주시 조천읍 함덕리 972-7,정기,등록,64,보유,보유
제주,제주시,화북종합시장,제주 제주시 화북1동 1947-24,상설,등록,26,보유,미보유
제주,서귀포시,고성오일시장,제주 서귀포시 성산읍 고성리 1188-2,정기,등록,62,보유,보유
제주,서귀포시,대정오일시장,제주 서귀포시 대정읍 하모리 1089-15,정기,등록,200,보유,보유
제주,서귀포시,서귀포매일올레시장(아케이드상가),제주 서귀포시 서귀동 277-1,상설,인정,203,보유,보유
제주,서귀포시,서귀포향토오일시장,제주 서귀포시 동홍동 779-1,정기,등록,564,보유,보유
제주,서귀포시,성산오일시장,제주 서귀포시 성산읍 성산리 181-6,정기,등록,12,보유,미보유
제주,서귀포시,중문오일시장,제주 서귀포시 중문동 2123-1,정기,등록,59,보유,보유
제주,서귀포시,표선오일시장,제주 서귀포시 표선면 표선리 1001-1,정기,등록,53,보유,보유
경남,사천시,(주)곤양종합시장,경남 사천시 곤양면 남문외리 48-4,상설+정기,등록,8,보유,보유
경남,함양군,마천전통시장,경남 함양군 마천면 가흥리 609-2,정기,등록,10,보유,보유
서울,중구,자유상가,서울 중구 회현동1가 202,상설,인정,466,보유,미보유
서울,양천구,신정제일시장,서울 양천구 신정1동 1030-6,상설,등록,12,보유,미보유
서울,양천구,목동시장,서울 양천구 목4동 739-1,상설,등록,20,보유,보유
서울,구로구,오류시장,서울 구로구 오류동 38-7,상설,등록,30,보유,미보유
서울,강남구,강남시장,서울 강남구 신사동 510-11,상설,등록,59,보유,미보유
서울,강남구,신사상가,서울 강남구 압구정동 454,상설,등록,31,보유,미보유
부산,부산진구,부산중앙시장,부산 부산진구 범천1동 844-1              ,상설,등록,94,보유,미보유
부산,수영구,광안시장,부산 수영구 광안1동 559-2,상설,인정,57,보유,보유
부산,수영구,삼익시장,부산 수영구 남천1동 18-5,상설,등록,32,보유,미보유
인천,남구,공단시장,인천 남구 주안5동 15-43,상설,등록,28,보유,보유
서울,성북구,정릉시장,서울 성북구 정릉동 400-15,상설,인정,106,미보유,미보유
인천,남구,숭의평화시장,인천 남구 숭의1동 124-38,상설,등록,44,보유,미보유
인천,남구,제일시장,인천 남구 도화1동 429-4,상설,등록,64,보유,미보유
인천,남구,주안자유시장,인천 남구 주안2동 549-1,상설,등록,15,미보유,미보유
인천,남구,학익시장,인천 남구 학익동 270-3,상설,등록,43,보유,미보유
경기,수원시,정자종합시장,경기 수원시 정자2동 73-10,상설,인정,210,미보유,미보유
경기,광주시,경안시장,경기 광주시 경안동 33-16,상설+정기,인정,64,보유,미보유
전북,익산시,익산남부시장,전북 익산시 인화동2가 7,상설,등록,41,보유,보유
전북,정읍시,신태인시장,전북 정읍시 신태인읍 152-8번지,정기,등록,45,보유,보유
전북,순창군,동계시장,전북 순창군 동계면 현포리 620-1번지,정기,등록,20,보유,보유
전남,광양시,광영상설시장,전남 광양시 광영동 682 외 1,상설,등록,42,보유,보유
전남,함평군,함평시장,전남 함평군 함평읍 기각리 982,정기,등록,82,보유,보유
경북,청도군,풍각시장,경북 청도군 풍각면 송서리 552,정기,등록,55,보유,보유
경기,안양시,안양중앙시장,경기 안양시 만안구 안양4동 676-44,상설,인정,115,보유,미보유
경기,안양시,호계시장,경기 안양시 동안구 호계동 995-14,상설,등록,119,보유,보유
경남,밀양시,밀양시장,경남 밀양시 내일동 583-1,상설,등록,145,보유,미보유
경북,구미시,제일시장상가,경북 구미시 공단동 264-18,상설,등록,18,보유,보유
경북,구미시,구미공단종합시장,경북 구미시 공단동 107,상설,등록,40,보유,보유
경북,구미시,구미산업유통단지,경북 구미시 임수동 92-9,상설,등록,392,보유,보유
경북,구미시,금오시장,경북 구미시 원평동 1028-2,상설,등록,88,보유,보유
경북,구미시,구미파크시장,경북 구미시 도량동 77번지,상설,등록,27,보유,미보유
경북,구미시,현대유통,경북 구미시 원평동 119-2,상설,인정,72,보유,보유
경북,구미시,형곡시장프라자,경북 구미시 형곡동 147-1,상설,등록,89,보유,보유
광주,남구,무등시장(합),광주 남구 주월동 974-107,상설,등록,37,보유,보유
대구,달서구,두류종합시장,대구 달서구 성당동 704-5,상설,등록,109,보유,미보유
대구,북구,관음시장,대구광역시 북구 관음동 1284,상설,인정,60,보유,미보유
부산,북구,구포시장,부산 북구 구포1동 589-50,상설,등록,12,보유,미보유
서울,중구,숭례문상가,서울 중구 남창동 51,상설,등록,240,보유,미보유
서울,관악구,봉일시장,서울 관악구 은천동 951-25,상설,등록,30,보유,보유
서울,서초구,남부종합시장,서울 서초구 방배동 767-1,상설,등록,83,보유,보유
서울,서초구,양재종합시장,"서울 서초구 양재동 1-7,8",상설,등록,16,보유,미보유
서울,강남구,논현종합시장,서울 강남구 논현동 227-4,상설,등록,50,보유,보유
서울,강동구,동서울종합시장,서울 강동구 길동 339-1,상설,등록,25,보유,보유
서울,강동구,양지종합시장,서울 강동구 암사동 451-16,상설,등록,43,미보유,미보유
서울,영등포구,영등포유통상가,서울 영등포구 당산동2가 30-2,상설,등록,850,보유,보유
전남,장흥군,관산시장,전남 장흥군 관산읍 옥당리 494-10,상설+정기,등록,44,보유,보유
충남,부여군,부여5일시장,충남 부여군 부여읍 구아리 420,정기,인정,83,보유,미보유
부산,사상구,르네시떼,부산 사상구 괘법동 529-1,상설,등록,1779,보유,보유
